,CC,SLIC,SORT,CAP,SPAN,STRT,SLIC_State,Facility Latitude,Facility Longitude
0,PR,89,P,69,403,400, PR,40.5109,-74.3386
1,PR,89,P,69,403,400, NJ,40.5109,-74.3386
2,PR,89,P,69,403,400, NV,40.5109,-74.3386
3,PR,89,T,84,403,1700, PR,40.5109,-74.3386
4,PR,89,T,84,403,1700, NJ,40.5109,-74.3386
5,PR,89,T,84,403,1700, NV,40.5109,-74.3386
6,PR,93,L,254,328,1700, PR,34.2501,-119.2271
7,PR,93,L,254,328,1700, CA,34.2501,-119.2271
8,PR,93,P,111,403,400, PR,34.2501,-119.2271
9,PR,93,P,111,403,400, CA,34.2501,-119.2271
10,PR,94,L,240,328,1700, PR,37.7645,-122.4057
11,PR,94,L,240,328,1700, CA,37.7645,-122.4057
12,PR,94,P,119,403,400, PR,37.7645,-122.4057
13,PR,94,P,119,403,400, CA,37.7645,-122.4057
14,PR,95,L,240,328,1700, PR,36.9846,-122.0348
15,PR,95,L,240,328,1700, CA,36.9846,-122.0348
16,PR,95,P,84,403,400, PR,36.9846,-122.0348
17,PR,95,P,84,403,400, CA,36.9846,-122.0348
18,PR,96,L,82,328,1700, PR,41.487,-120.5433
19,PR,96,L,82,328,1700, CA,41.487,-120.5433
20,PR,96,P,124,403,400, PR,41.487,-120.5433
21,PR,96,P,124,403,400, CA,41.487,-120.5433
22,US,119,L,9124,328,1700, MA,42.1433,-72.6247
23,US,119,P,9413,403,400, MA,42.1433,-72.6247
24,US,119,S,20000,403,300, MA,42.1433,-72.6247
25,US,169,D,83000,478,1100, MA,42.2603,-71.7924
26,US,169,N,83000,403,2200, MA,42.2603,-71.7924
27,US,169,P,6115,403,400, MA,42.2603,-71.7924
28,US,169,S,83000,403,300, MA,42.2603,-71.7924
29,US,169,T,83000,403,1700, MA,42.2603,-71.7924
30,US,189,D,92000,478,1100, MA,42.6001,-71.3046
31,US,189,D,92000,478,1100, PA,42.6001,-71.3046
32,US,189,N,92000,403,2200, MA,42.6001,-71.3046
33,US,189,N,92000,403,2200, PA,42.6001,-71.3046
34,US,189,P,9032,403,400, MA,42.6001,-71.3046
35,US,189,P,9032,403,400, PA,42.6001,-71.3046
36,US,189,T,92000,403,1700, MA,42.6001,-71.3046
37,US,189,T,92000,403,1700, PA,42.6001,-71.3046
38,US,199,L,7343,328,1700, MA,42.5065,-71.0344
39,US,199,L,7343,328,1700, DE,42.5065,-71.0344
40,US,199,P,4632,403,400, MA,42.5065,-71.0344
41,US,199,P,4632,403,400, DE,42.5065,-71.0344
43,US,209,L,15367,328,1700, MA,42.2076,-71.1795
44,US,209,P,14768,403,400, MA,42.2076,-71.1795
45,US,212,L,6688,328,1700, MA,42.3775,-71.0796
46,US,212,P,8547,403,400, MA,42.3775,-71.0796
47,US,219,L,14045,328,1700, MA,42.363,-71.1539
48,US,219,L,14045,328,1700, MD,42.363,-71.1539
49,US,219,P,17542,403,400, MA,42.363,-71.1539
50,US,219,P,17542,403,400, MD,42.363,-71.1539
51,US,219,S,13500,403,300, MA,42.363,-71.1539
52,US,219,S,13500,403,300, MD,42.363,-71.1539
53,US,229,S,3710,403,300, MA,42.3692,-71.027
54,US,229,S,3710,403,300, VA,42.3692,-71.027
55,US,229,T,3657,403,1700, MA,42.3692,-71.027
56,US,229,T,3657,403,1700, VA,42.3692,-71.027
57,US,231,L,8500,328,1700, MA,42.3393,-71.0425
58,US,231,P,6181,403,400, MA,42.3393,-71.0425
59,US,249,L,22215,328,1700, MA,42.0501,-71.0034
60,US,249,L,22215,328,1700, WV,42.0501,-71.0034
61,US,249,P,9660,403,400, MA,42.0501,-71.0034
62,US,249,P,9660,403,400, WV,42.0501,-71.0034
63,US,251,L,2640,328,1700, MA,41.2621,-70.0724
64,US,251,L,2640,328,1700, WV,41.2621,-70.0724
65,US,251,P,3075,403,400, MA,41.2621,-70.0724
66,US,251,P,3075,403,400, WV,41.2621,-70.0724
67,US,259,L,3501,328,1700, MA,41.7799,-70.5312
68,US,259,S,20000,403,300, MA,41.7799,-70.5312
69,US,269,L,4084,328,1700, MA,41.6814,-70.2571
70,US,269,S,20000,403,300, MA,41.6814,-70.2571
71,US,299,N,54000,403,2200, RI,41.7335,-71.4462
72,US,299,N,54000,403,2200, SC,41.7335,-71.4462
73,US,299,P,26600,403,400, RI,41.7335,-71.4462
74,US,299,P,26600,403,400, SC,41.7335,-71.4462
75,US,299,T,54000,403,1700, RI,41.7335,-71.4462
76,US,299,T,54000,403,1700, SC,41.7335,-71.4462
77,US,309,S,950000,403,300, NH,42.9443,-71.4366
78,US,309,S,950000,403,300, GA,42.9443,-71.4366
79,US,309,T,1109999,403,1700, NH,42.9443,-71.4366
80,US,309,T,1109999,403,1700, GA,42.9443,-71.4366
81,US,319,L,7314,328,1700, NH,42.9432,-71.4525
82,US,319,L,7314,328,1700, GA,42.9432,-71.4525
83,US,319,P,14640,403,400, NH,42.9432,-71.4525
84,US,319,P,14640,403,400, GA,42.9432,-71.4525
85,US,399,L,3772,328,1700, NH,42.7564,-71.4905
86,US,399,P,13643,403,400, NH,42.7564,-71.4905
87,US,419,L,14227,328,1700, ME,43.6405,-70.3217
88,US,419,P,11900,403,400, ME,43.6405,-70.3217
89,US,422,L,4270,328,1700, ME,44.0445,-70.2931
90,US,422,P,10286,403,400, ME,44.0445,-70.2931
102,US,609,L,20972,328,1700, CT,41.9271,-72.6319
103,US,609,L,20972,328,1700, IL,41.9271,-72.6319
104,US,609,N,20580,403,2200, CT,41.9271,-72.6319
105,US,609,N,20580,403,2200, IL,41.9271,-72.6319
106,US,609,P,6150,403,400, CT,41.9271,-72.6319
107,US,609,P,6150,403,400, IL,41.9271,-72.6319
108,US,609,S,2850,403,300, CT,41.9271,-72.6319
109,US,609,S,2850,403,300, IL,41.9271,-72.6319
110,US,609,T,23324,403,1700, CT,41.9271,-72.6319
111,US,609,T,23324,403,1700, IL,41.9271,-72.6319
112,US,619,D,34205,478,1100, CT,41.7453,-72.6645
113,US,619,N,40000,403,2200, CT,41.7453,-72.6645
114,US,619,P,6253,403,400, CT,41.7453,-72.6645
115,US,619,T,40000,403,1700, CT,41.7453,-72.6645
116,US,635,L,3158,328,1700, CT,41.3677,-72.126
117,US,635,L,3158,328,1700, MO,41.3677,-72.126
118,US,635,P,2400,403,400, CT,41.3677,-72.126
119,US,635,P,2400,403,400, MO,41.3677,-72.126
120,US,647,L,3906,328,1700, CT,41.2478,-72.9924
121,US,647,L,3906,328,1700, MO,41.2478,-72.9924
122,US,647,P,4840,403,400, CT,41.2478,-72.9924
123,US,647,P,4840,403,400, MO,41.2478,-72.9924
124,US,649,L,10167,328,1700, CT,41.5651,-72.1535
125,US,649,P,9540,403,400, CT,41.5651,-72.1535
126,US,652,L,5102,328,1700, CT,41.3682,-72.883
127,US,652,L,5102,328,1700, MO,41.3682,-72.883
128,US,652,P,7449,403,400, CT,41.3682,-72.883
129,US,652,P,7449,403,400, MO,41.3682,-72.883
130,US,669,N,34000,403,2200, CT,41.1728,-73.1503
131,US,669,P,13000,403,400, CT,41.1728,-73.1503
132,US,669,T,34000,403,1700, CT,41.1728,-73.1503
133,US,679,P,11001,403,400, CT,41.6073,-73.0803
134,US,679,T,20000,403,1700, CT,41.6073,-73.0803
135,US,699,L,5777,328,1700, CT,41.09,-73.4255
136,US,699,P,11845,403,400, CT,41.09,-73.4255
137,US,709,D,160000,478,1100, NJ,40.7539,-74.0636
138,US,709,N,160000,403,2200, NJ,40.7539,-74.0636
139,US,709,P,19832,403,400, NJ,40.7539,-74.0636
140,US,709,T,160000,403,1700, NJ,40.7539,-74.0636
141,US,719,L,8720,328,1700, NJ,40.7526,-74.1942
142,US,719,L,8720,328,1700, AR,40.7526,-74.1942
143,US,719,P,7552,403,400, NJ,40.7526,-74.1942
144,US,719,P,7552,403,400, AR,40.7526,-74.1942
145,US,727,L,1179999,328,1700, NJ,28.93368,-75.30048000000002
146,US,727,L,1179999,328,1700, AR,28.93368,-75.30048000000002
151,US,739,P,14880,403,400, NJ,40.7539,-74.0636
152,US,739,P,14880,403,400, OK,40.7539,-74.0636
153,US,759,N,41599,403,2200, NJ,40.8872,-74.1028
154,US,759,N,41599,403,2200, TX,40.8872,-74.1028
155,US,759,P,20900,403,400, NJ,40.8872,-74.1028
156,US,759,P,20900,403,400, TX,40.8872,-74.1028
157,US,759,T,36000,403,1700, NJ,40.8872,-74.1028
158,US,759,T,36000,403,1700, TX,40.8872,-74.1028
159,US,779,L,7320,328,1700, NJ,40.2833,-74.0781
160,US,779,L,7320,328,1700, TX,40.2833,-74.0781
161,US,779,P,11550,403,400, NJ,40.2833,-74.0781
162,US,779,P,11550,403,400, TX,40.2833,-74.0781
163,US,784,L,11700,328,1700, NJ,40.909,-74.7565
164,US,784,L,11700,328,1700, TX,40.909,-74.7565
165,US,784,P,14550,403,400, NJ,40.909,-74.7565
166,US,784,P,14550,403,400, TX,40.909,-74.7565
167,US,789,P,24800,403,400, NJ,40.5722,-74.5611
168,US,789,P,24800,403,400, TX,40.5722,-74.5611
169,US,789,T,27630,403,1700, NJ,40.5722,-74.5611
170,US,789,T,27630,403,1700, TX,40.5722,-74.5611
171,US,799,D,77000,478,1100, NJ,40.8614,-74.4369
172,US,799,D,77000,478,1100, TX,40.8614,-74.4369
173,US,799,N,77000,403,2200, NJ,40.8614,-74.4369
174,US,799,N,77000,403,2200, TX,40.8614,-74.4369
175,US,799,P,9240,403,400, NJ,40.8614,-74.4369
176,US,799,P,9240,403,400, TX,40.8614,-74.4369
177,US,799,T,77000,403,1700, NJ,40.8614,-74.4369
178,US,799,T,77000,403,1700, TX,40.8614,-74.4369
179,US,819,N,88000,403,2200, NJ,39.8649,-75.0424
180,US,819,P,29008,403,400, NJ,39.8649,-75.0424
181,US,819,T,88000,403,1700, NJ,39.8649,-75.0424
182,US,826,L,1109999,328,1700, NJ,39.8649,-75.0424
183,US,826,L,1109999,328,1700, WY,39.8649,-75.0424
184,US,829,L,3893,328,1700, NJ,39.4147,-74.525
185,US,829,L,3893,328,1700, WY,39.4147,-74.525
186,US,829,P,6000,403,400, NJ,39.4147,-74.525
187,US,829,P,6000,403,400, WY,39.4147,-74.525
188,US,839,L,1636,328,1700, NJ,39.4815,-75.0218
189,US,839,P,4040,403,400, NJ,39.4815,-75.0218
190,US,869,L,6120,328,1700, NJ,40.2366,-74.7203
191,US,869,P,11900,403,400, NJ,40.2366,-74.7203
192,US,871,L,4393,328,1700, NJ,40.0727,-74.1796
193,US,871,L,4393,328,1700, NM,40.0727,-74.1796
194,US,871,P,10100,403,400, NJ,40.0727,-74.1796
195,US,871,P,10100,403,400, NM,40.0727,-74.1796
196,US,874,L,1119999,328,1700, NJ,36.7324,-108.2418
197,US,874,L,1119999,328,1700, NM,36.7324,-108.2418
199,US,899,P,17323,403,400, NJ,40.5109,-74.3386
200,US,899,T,102000,403,1700, NJ,40.5109,-74.3386
201,US,1006,P,1009999,403,400, NY,40.762,-73.9989
202,US,1007,L,7202,328,1700, NY,40.733875,-73.936125
203,US,1007,P,9381,403,400, NY,40.733875,-73.936125
204,US,1009,N,25000,403,2200, NY,40.762,-73.9989
205,US,1009,P,28260,403,400, NY,40.762,-73.9989
206,US,1009,S,25000,403,300, NY,40.762,-73.9989
207,US,1009,T,42527,403,1700, NY,40.762,-73.9989
208,US,1011,P,1109999,403,400, NY,40.762,-73.9989
209,US,1014,L,4507,328,1700, NY,40.8116,-73.9291
210,US,1014,P,5901,403,400, NY,40.8116,-73.9291
211,US,1017,P,810000,403,400, NY,40.762,-73.9989
212,US,1029,L,14563,328,1700, NY,40.726,-74.0094
213,US,1029,P,23255,403,400, NY,40.726,-74.0094
214,US,1049,L,9299,328,1700, NY,40.8176,-73.8385
215,US,1049,P,9844,403,400, NY,40.8176,-73.8385
216,US,1069,L,8947,328,1700, NY,41.0636,-73.819
217,US,1069,P,10099,403,400, NY,41.0636,-73.819
218,US,1089,L,8149,328,1700, NY,40.8903,-73.8196
219,US,1089,P,4161,403,400, NY,40.8903,-73.8196
220,US,1119,N,47000,403,2200, NY,40.7245,-73.9152
221,US,1119,P,15811,403,400, NY,40.7245,-73.9152
222,US,1119,T,47000,403,1700, NY,40.7245,-73.9152
223,US,1129,L,12103,328,1700, NY,40.6426,-73.916
224,US,1129,P,20460,403,400, NY,40.6426,-73.916
225,US,1149,T,1179999,403,1700, NY,40.6527,-73.7952
226,US,1159,N,48000,403,2200, NY,40.7214,-73.6065
227,US,1159,P,10836,403,400, NY,40.7214,-73.6065
228,US,1159,T,49166,403,1700, NY,40.7214,-73.6065
229,US,1189,P,6972,403,400, NY,40.7545,-73.4196
230,US,1189,T,35687,403,1700, NY,40.7545,-73.4196
231,US,1229,N,29000,403,2200, NY,42.7524,-73.7776
232,US,1229,P,10815,403,400, NY,42.7524,-73.7776
233,US,1229,T,29000,403,1700, NY,42.7524,-73.7776
234,US,1239,S,1880,403,300, NY,42.7445,-73.8129
235,US,1239,T,2320,403,1700, NY,42.7445,-73.8129
236,US,1249,L,3628,328,1700, NY,41.9482,-73.992
237,US,1249,P,4200,403,400, NY,41.9482,-73.992
238,US,1249,S,850000,403,300, NY,41.9482,-73.992
239,US,1251,L,2250,328,1700, NY,41.3453,-74.2765
240,US,1251,P,1605,403,400, NY,41.3453,-74.2765
241,US,1255,P,3693,403,400, NY,41.4976,-74.0221
243,US,1269,L,3888,328,1700, NY,41.4976,-74.0221
244,US,1269,P,4300,403,400, NY,41.4976,-74.0221
245,US,1289,P,4300,403,400, NY,44.7035,-73.5409
246,US,1289,T,20000,403,1700, NY,44.7035,-73.5409
247,US,1302,L,2834,328,1700, NY,42.6036,-76.1641
248,US,1302,P,1389,403,400, NY,42.6036,-76.1641
249,US,1319,S,2220,403,300, NY,43.1114,-76.1253
250,US,1319,T,2000,403,1700, NY,43.1114,-76.1253
251,US,1329,N,84000,403,2200, NY,43.1088,-76.0772
252,US,1329,P,6867,403,400, NY,43.1088,-76.0772
253,US,1329,T,84000,403,1700, NY,43.1088,-76.0772
254,US,1359,S,1099999,403,300, NY,43.0916,-75.3129
255,US,1361,L,4167,328,1700, NY,44.66990000000001,-74.9581
256,US,1361,P,1760,403,400, NY,44.66990000000001,-74.9581
257,US,1399,L,3459,328,1700, NY,42.109,-75.9781
258,US,1399,P,2579,403,400, NY,42.109,-75.9781
259,US,1401,L,2806,328,1700, NY,42.4841,-79.3459
260,US,1401,P,1223,403,400, NY,42.4841,-79.3459
261,US,1429,N,44000,403,2200, NY,42.8847,-78.8037
262,US,1429,P,8316,403,400, NY,42.8847,-78.8037
263,US,1429,S,44000,403,300, NY,42.8847,-78.8037
264,US,1429,T,44000,403,1700, NY,42.8847,-78.8037
265,US,1439,S,2592,403,300, NY,42.93699999999999,-78.7442
266,US,1439,T,1540,403,1700, NY,42.93699999999999,-78.7442
267,US,1449,L,13026,328,1700, NY,43.0593,-77.6073
268,US,1449,P,12000,403,400, NY,43.0593,-77.6073
269,US,1469,L,5796,328,1700, NY,43.1664,-77.6052
270,US,1469,P,5956,403,400, NY,43.1664,-77.6052
271,US,1471,L,4167,328,1700, NY,42.0849,-78.4895
272,US,1471,P,2175,403,400, NY,42.0849,-78.4895
273,US,1481,L,4251,328,1700, NY,42.4695,-76.4648
274,US,1481,P,2375,403,400, NY,42.4695,-76.4648
275,US,1482,L,4834,328,1700, NY,42.1592,-77.1117
276,US,1482,P,2220,403,400, NY,42.1592,-77.1117
277,US,1499,S,770000,403,300, NY,42.1677,-76.8212
278,US,1501,L,4675,328,1700, PA,40.72,-80.2959
279,US,1501,P,1960,403,400, PA,40.72,-80.2959
280,US,1509,A,870000,150,900, PA,40.49800000000001,-80.2141
281,US,1509,S,4640,403,300, PA,40.49800000000001,-80.2141
282,US,1509,T,3160,403,1700, PA,40.49800000000001,-80.2141
283,US,1519,L,4600,328,1700, PA,40.4468,-80.0826
284,US,1519,P,11250,403,400, PA,40.4468,-80.0826
287,US,1529,L,13850,328,1700, PA,40.4575,-80.0302
288,US,1529,P,11250,403,400, PA,40.4575,-80.0302
289,US,1559,L,4003,328,1700, PA,40.2824,-78.8433
290,US,1559,P,4600,403,400, PA,40.2824,-78.8433
291,US,1569,D,136000,478,1100, PA,40.2252,-79.6116
292,US,1569,N,136000,403,2200, PA,40.2252,-79.6116
293,US,1569,P,11676,403,400, PA,40.2252,-79.6116
294,US,1569,S,136000,403,300, PA,40.2252,-79.6116
295,US,1569,T,136000,403,1700, PA,40.2252,-79.6116
296,US,1589,L,5482,328,1700, PA,41.1255,-78.7477
297,US,1589,P,4800,403,400, PA,41.1255,-78.7477
298,US,1631,L,4856,328,1700, PA,41.6217,-80.2082
299,US,1631,P,1190,403,400, PA,41.6217,-80.2082
300,US,1632,L,3661,328,1700, PA,41.6606,-78.8
301,US,1632,P,1820,403,400, PA,41.6606,-78.8
302,US,1649,L,5485,328,1700, PA,42.08600000000001,-80.0743
303,US,1649,P,6260,403,400, PA,42.08600000000001,-80.0743
304,US,1669,L,4075,328,1700, PA,40.4993,-78.3976
305,US,1669,P,2202,403,400, PA,40.4993,-78.3976
306,US,1709,S,1900,403,300, PA,40.1955,-76.7421
307,US,1709,T,2000,403,1700, PA,40.1955,-76.7421
308,US,1714,L,860000,328,1700, PA,40.3237,-76.7107
309,US,1719,D,83000,478,1100, PA,40.2429,-76.8472
310,US,1719,N,83000,403,2200, PA,40.2429,-76.8472
311,US,1719,P,6256,403,400, PA,40.2429,-76.8472
312,US,1719,T,83000,403,1700, PA,40.2429,-76.8472
313,US,1731,L,674,328,1700, PA,39.7721,-77.2408
314,US,1731,P,2400,403,400, PA,39.7721,-77.2408
315,US,1749,L,5141,328,1700, PA,40.049,-76.7468
316,US,1749,P,4640,403,400, PA,40.049,-76.7468
317,US,1749,S,1199999,403,300, PA,40.049,-76.7468
318,US,1759,P,17150,403,400, PA,40.0899,-76.3498
319,US,1759,T,60000,403,1700, PA,40.0899,-76.3498
320,US,1789,L,4006,328,1700, PA,40.7812,-76.8654
321,US,1789,P,3584,403,400, PA,40.7812,-76.8654
323,US,1819,L,21828,328,1700, PA,40.6675,-75.3848
324,US,1819,P,13851,403,400, PA,40.6675,-75.3848
325,US,1859,L,9415,328,1700, PA,41.3883,-75.7125
326,US,1859,P,4488,403,400, PA,41.3883,-75.7125
327,US,1869,L,7727,328,1700, PA,41.325,-75.7517
328,US,1869,P,6375,403,400, PA,41.325,-75.7517
329,US,1909,D,102000,478,1100, PA,40.1607,-75.1392
330,US,1909,N,102000,403,2200, PA,40.1607,-75.1392
331,US,1909,P,8631,403,400, PA,40.1607,-75.1392
332,US,1909,T,102000,403,1700, PA,40.1607,-75.1392
333,US,1919,P,10985,403,400, PA,39.9137,-75.1469
334,US,1919,T,44000,403,1700, PA,39.9137,-75.1469
335,US,1939,P,17658,403,400, PA,39.9881,-75.5813
336,US,1939,T,53000,403,1700, PA,39.9881,-75.5813
337,US,1949,D,72797,478,1100, PA,39.8586,-75.2606
338,US,1949,N,98916,403,2200, PA,39.8586,-75.2606
339,US,1949,P,13197,403,400, PA,39.8586,-75.2606
340,US,1949,T,73205,403,1700, PA,39.8586,-75.2606
341,US,1969,L,7140,328,1700, PA,40.3903,-75.9375
342,US,1969,P,8715,403,400, PA,40.3903,-75.9375
343,US,1979,L,7485,328,1700, DE,39.6893,-75.6998
344,US,1979,P,9020,403,400, DE,39.6893,-75.6998
345,US,1999,L,3107,328,1700, DE,38.9426,-75.5641
346,US,1999,P,6360,403,400, DE,38.9426,-75.5641
347,US,2019,L,17343,328,1700, MD,38.9406,-76.8634
348,US,2019,P,15026,403,400, MD,38.9406,-76.8634
349,US,2039,L,4673,328,1700, MD,38.942,-76.8684
350,US,2039,P,11100,403,400, MD,38.942,-76.8684
351,US,2049,L,4747,328,1700, MD,39.118,-77.193
352,US,2049,P,8600,403,400, MD,39.118,-77.193
355,US,2059,L,2001,328,1700, MD,38.6199,-76.9079
356,US,2059,P,4000,403,400, MD,38.6199,-76.9079
357,US,2079,D,99000,478,1100, MD,39.0934,-76.8994
358,US,2079,N,99000,403,2200, MD,39.0934,-76.8994
359,US,2079,P,14025,403,400, MD,39.0934,-76.8994
360,US,2079,T,99000,403,1700, MD,39.0934,-76.8994
361,US,2119,L,12344,328,1700, MD,39.5203,-76.6433
362,US,2119,P,9625,403,400, MD,39.5203,-76.6433
363,US,2121,P,920000,403,400, MD,39.2626,-76.675
364,US,2127,P,1209999,403,400, MD,39.2626,-76.675
365,US,2129,N,75000,403,2200, MD,39.2626,-76.675
366,US,2129,P,3306,403,400, MD,39.2626,-76.675
367,US,2129,T,75000,403,1700, MD,39.2626,-76.675
368,US,2139,S,800000,403,300, MD,39.1877,-76.6611
369,US,2139,T,1039999,403,1700, MD,39.1877,-76.6611
370,US,2159,L,2893,328,1700, MD,39.6313,-78.766
371,US,2159,P,3640,403,400, MD,39.6313,-78.766
372,US,2169,L,5101,328,1700, MD,39.2996,-76.5375
373,US,2169,P,6914,403,400, MD,39.2996,-76.5375
374,US,2174,L,960000,328,1700, MD,39.62388571428571,-77.77865714285714
375,US,2179,L,8352,328,1700, MD,39.6126,-77.7308
376,US,2179,P,6360,403,400, MD,39.6126,-77.7308
377,US,2189,L,1801,328,1700, MD,38.404,-75.5778
378,US,2189,P,2629,403,400, MD,38.404,-75.5778
379,US,2199,L,4104,328,1700, MD,39.3631,-77.4326
380,US,2199,P,6300,403,400, MD,39.3631,-77.4326
381,US,2209,L,16236,328,1700, VA,38.8907,-77.4632
382,US,2209,P,18906,403,400, VA,38.8907,-77.4632
383,US,2229,L,7087,328,1700, VA,38.8034,-77.0911
384,US,2229,P,8900,403,400, VA,38.8034,-77.0911
385,US,2241,L,5246,328,1700, VA,37.7757,-76.5148
386,US,2241,P,2360,403,400, VA,37.7757,-76.5148
387,US,2249,L,4616,328,1700, VA,38.945,-77.4567
388,US,2249,P,14375,403,400, VA,38.945,-77.4567
389,US,2289,L,3884,328,1700, VA,38.0323,-78.4856
390,US,2289,P,6825,403,400, VA,38.0323,-78.4856
391,US,2299,S,970000,403,300, VA,38.03982,-78.49024
392,US,2309,S,1079999,403,300, VA,37.5017,-77.3369
393,US,2309,T,1209999,403,1700, VA,37.5017,-77.3369
394,US,2329,N,81000,403,2200, VA,37.4029,-77.4163
395,US,2329,P,9818,403,400, VA,37.4029,-77.4163
396,US,2329,T,81000,403,1700, VA,37.4029,-77.4163
397,US,2349,L,11727,328,1700, VA,36.8939,-76.1905
398,US,2349,P,12840,403,400, VA,36.8939,-76.1905
399,US,2363,P,1209999,403,400, VA,37.0917,-76.4765
400,US,2369,L,5180,328,1700, VA,37.0917,-76.4765
401,US,2369,P,9000,403,400, VA,37.0917,-76.4765
402,US,2394,L,3696,328,1700, VA,37.0403,-78.4836
403,US,2394,P,2160,403,400, VA,37.0403,-78.4836
404,US,2409,N,72000,403,2200, VA,37.3173,-79.9796
405,US,2409,P,3432,403,400, VA,37.3173,-79.9796
406,US,2409,T,72000,403,1700, VA,37.3173,-79.9796
407,US,2429,P,9000,403,400, VA,36.6164,-82.1254
408,US,2429,T,20000,403,1700, VA,36.6164,-82.1254
409,US,2451,L,5886,328,1700, VA,36.5952,-79.428
410,US,2451,P,5880,403,400, VA,36.5952,-79.428
411,US,2499,L,5103,328,1700, WV,37.7806,-80.3942
412,US,2499,P,1980,403,400, WV,37.7806,-80.3942
413,US,2519,S,1009999,403,300, WV,38.3437,-81.6087
414,US,2539,N,20000,403,2200, WV,38.3666,-81.703
415,US,2539,P,6720,403,400, WV,38.3666,-81.703
416,US,2539,T,20000,403,1700, WV,38.3666,-81.703
417,US,2589,S,800000,403,300, WV,37.7807,-81.1146
418,US,2632,L,6284,328,1700, WV,39.2544,-80.3176
419,US,2632,P,1980,403,400, WV,39.2544,-80.3176
420,US,2711,L,7692,328,1700, NC,36.1563,-80.2431
421,US,2711,P,8080,403,400, NC,36.1563,-80.2431
422,US,2721,L,4932,328,1700, NC,35.9162,-80.0054
423,US,2721,P,3960,403,400, NC,35.9162,-80.0054
424,US,2749,D,142000,478,1100, NC,36.0568,-79.8555
425,US,2749,N,142000,403,2200, NC,36.0568,-79.8555
426,US,2749,P,8640,403,400, NC,36.0568,-79.8555
427,US,2749,T,142000,403,1700, NC,36.0568,-79.8555
428,US,2751,L,1896,328,1700, NC,35.837,-78.6031
429,US,2751,P,1860,403,400, NC,35.837,-78.6031
430,US,2754,L,8170,328,1700, NC,35.911,-79.0564
431,US,2754,P,4095,403,400, NC,35.911,-79.0564
432,US,2769,N,63000,403,2200, NC,35.837,-78.6031
433,US,2769,P,40822,403,400, NC,35.837,-78.6031
434,US,2769,T,63000,403,1700, NC,35.837,-78.6031
435,US,2779,A,810000,150,900, NC,35.8649,-78.8075
436,US,2779,S,4551,403,300, NC,35.8649,-78.8075
437,US,2779,T,20000,403,1700, NC,35.8649,-78.8075
438,US,2781,L,4686,328,1700, NC,35.6028,-77.4942
439,US,2781,P,3120,403,400, NC,35.6028,-77.4942
440,US,2782,L,4234,328,1700, NC,35.4164,-77.9818
441,US,2782,P,3390,403,400, NC,35.4164,-77.9818
442,US,2797,L,1583,328,1700, NC,35.9302,-75.6882
443,US,2797,P,1760,403,400, NC,35.9302,-75.6882
444,US,2801,L,2583,328,1700, NC,35.5273,-80.611
445,US,2801,P,3360,403,400, NC,35.5273,-80.611
446,US,2802,L,4906,328,1700, NC,35.2841,-81.1941
447,US,2802,P,2000,403,400, NC,35.2841,-81.1941
448,US,2809,S,999999,403,300, NC,35.8185,-80.8736
449,US,2809,T,820000,403,1700, NC,35.8185,-80.8736
450,US,2811,L,4110,328,1700, NC,35.0037,-80.5725
451,US,2811,P,4920,403,400, NC,35.0037,-80.5725
452,US,2814,L,4177,328,1700, NC,35.6483,-80.473
453,US,2814,P,2600,403,400, NC,35.6483,-80.473
454,US,2829,P,23560,403,400, NC,35.2735,-80.8113
455,US,2829,T,34000,403,1700, NC,35.2735,-80.8113
456,US,2832,L,3288,328,1700, NC,35.1938,-79.3734
457,US,2832,P,3840,403,400, NC,35.1938,-79.3734
458,US,2834,L,3946,328,1700, NC,34.6058,-78.9998
459,US,2834,P,2275,403,400, NC,34.6058,-78.9998
460,US,2839,S,20000,403,300, NC,35.1971,-80.9358
461,US,2839,T,4680,403,1700, NC,35.1971,-80.9358
462,US,2851,L,4768,328,1700, NC,34.7469,-77.3824
463,US,2851,P,1880,403,400, NC,34.7469,-77.3824
464,US,2855,L,4110,328,1700, NC,34.8789,-76.9114
465,US,2855,P,2550,403,400, NC,34.8789,-76.9114
466,US,2861,L,3636,328,1700, NC,36.1381,-81.1764
467,US,2861,P,1840,403,400, NC,36.1381,-81.1764
468,US,2862,L,2239,328,1700, NC,35.8185,-80.8736
469,US,2862,P,2025,403,400, NC,35.8185,-80.8736
470,US,2864,L,4439,328,1700, NC,35.8932,-81.57300000000002
471,US,2864,P,1900,403,400, NC,35.8932,-81.57300000000002
472,US,2874,L,3535,328,1700, NC,35.3165,-82.4335
473,US,2874,P,2260,403,400, NC,35.3165,-82.4335
474,US,2889,S,950000,403,300, NC,35.44223333333333,-82.00240000000002
475,US,2891,L,4959,328,1700, NC,35.1623,-83.4355
476,US,2891,P,1760,403,400, NC,35.1623,-83.4355
477,US,2911,L,3617,328,1700, SC,33.9209,-80.3461
478,US,2911,P,2650,403,400, SC,33.9209,-80.3461
479,US,2919,A,1049999,150,900, SC,33.933,-81.1048
480,US,2919,D,30090,478,1100, SC,33.933,-81.1048
481,US,2919,M,850000,400,600, SC,33.933,-81.1048
482,US,2919,S,2760,403,300, SC,33.933,-81.1048
483,US,2919,T,760000,403,1700, SC,33.933,-81.1048
484,US,2929,N,34000,403,2200, SC,33.9348,-81.1012
485,US,2929,P,13965,403,400, SC,33.9348,-81.1012
486,US,2929,T,34000,403,1700, SC,33.9348,-81.1012
487,US,2939,P,15894,403,400, SC,34.9726,-81.9664
488,US,2939,T,36000,403,1700, SC,34.9726,-81.9664
489,US,2941,L,3658,328,1700, SC,33.0259,-80.1312
490,US,2941,P,6050,403,400, SC,33.0259,-80.1312
491,US,2945,P,1229999,403,400, SC,32.8676,-79.9978
492,US,2951,L,2014,328,1700, SC,33.718,-78.933
493,US,2951,P,3640,403,400, SC,33.718,-78.933
494,US,2961,L,4974,328,1700, SC,34.53,-82.6858
495,US,2961,P,4960,403,400, SC,34.53,-82.6858
496,US,2963,L,4604,328,1700, SC,34.223,-82.1167
497,US,2963,P,3000,403,400, SC,34.223,-82.1167
499,US,2971,L,3576,328,1700, SC,34.7423,-80.7197
500,US,2971,P,1975,403,400, SC,34.7423,-80.7197
501,US,2992,L,3823,328,1700, SC,32.2252,-80.7008
502,US,2992,P,3100,403,400, SC,32.2252,-80.7008
503,US,3002,P,1049999,403,400, GA,33.7602,-84.5398
504,US,3009,D,91000,478,1100, GA,33.8971,-84.2425
505,US,3009,N,91000,403,2200, GA,33.8971,-84.2425
506,US,3009,P,16051,403,400, GA,33.8971,-84.2425
507,US,3009,S,24184,403,300, GA,33.8971,-84.2425
508,US,3009,T,91000,403,1700, GA,33.8971,-84.2425
509,US,3012,L,4648,328,1700, GA,34.0589,-84.6374
510,US,3012,P,3080,403,400, GA,34.0589,-84.6374
511,US,3019,L,8276,328,1700, GA,34.05,-84.3219
512,US,3019,P,9600,403,400, GA,34.05,-84.3219
513,US,3022,L,4974,328,1700, GA,33.5867,-85.0994
514,US,3022,P,1860,403,400, GA,33.5867,-85.0994
515,US,3025,L,4069,328,1700, GA,32.9891,-85.0379
516,US,3025,P,3125,403,400, GA,32.9891,-85.0379
517,US,3026,L,4357,328,1700, GA,33.3745,-84.5773
518,US,3026,P,3210,403,400, GA,33.3745,-84.5773
519,US,3029,S,7075,403,300, GA,33.6567,-84.4295
520,US,3029,T,8207,403,1700, GA,33.6567,-84.4295
521,US,3039,N,39437,403,2200, GA,33.7602,-84.5398
522,US,3039,P,14446,403,400, GA,33.7602,-84.5398
523,US,3039,T,33005,403,1700, GA,33.7602,-84.5398
524,US,3045,L,4032,328,1700, GA,32.3893,-81.8276
525,US,3045,P,2650,403,400, GA,32.3893,-81.8276
526,US,3052,L,4069,328,1700, GA,34.3739,-83.221
527,US,3052,P,1960,403,400, GA,34.3739,-83.221
528,US,3059,N,27001,403,2200, GA,33.5497,-84.6031
529,US,3059,P,8300,403,400, GA,33.5497,-84.6031
530,US,3059,T,39000,403,1700, GA,33.5497,-84.6031
531,US,3082,L,4023,328,1700, GA,33.4004,-82.6593
532,US,3082,P,2600,403,400, GA,33.4004,-82.6593
533,US,3151,L,4785,328,1700, GA,31.19,-81.4975
534,US,3151,P,2500,403,400, GA,31.19,-81.4975
535,US,3171,P,1199999,403,400, GA,31.4465,-83.5103
536,US,3172,L,5139,328,1700, GA,30.8794,-84.2121
537,US,3172,P,930,403,400, GA,30.8794,-84.2121
538,US,3176,L,4043,328,1700, GA,31.5581,-84.1006
539,US,3176,P,4840,403,400, GA,31.5581,-84.1006
540,US,3179,N,20000,403,2200, GA,31.4465,-83.5103
541,US,3179,P,8800,403,400, GA,31.4465,-83.5103
542,US,3179,T,20000,403,1700, GA,31.4465,-83.5103
543,US,3189,S,2461,403,300, GA,32.342475,-84.382
544,US,3189,T,2162,403,1700, GA,32.342475,-84.382
545,US,3202,L,4127,328,1700, FL,29.1937,-81.0791
546,US,3202,P,2730,403,400, FL,29.1937,-81.0791
547,US,3203,L,2387,328,1700, FL,29.8958,-81.3156
548,US,3203,P,2600,403,400, FL,29.8958,-81.3156
549,US,3204,P,1049999,403,400, FL,30.3593,-81.7239
550,US,3219,A,770000,150,900, FL,30.4871,-81.6616
551,US,3219,S,2185,403,300, FL,30.4871,-81.6616
552,US,3219,T,2553,403,1700, FL,30.4871,-81.6616
553,US,3229,D,183000,478,1100, FL,30.3593,-81.7239
554,US,3229,N,183000,403,2200, FL,30.3593,-81.7239
555,US,3229,P,10960,403,400, FL,30.3593,-81.7239
556,US,3229,S,183000,403,300, FL,30.3593,-81.7239
557,US,3229,T,183000,403,1700, FL,30.3593,-81.7239
558,US,3241,L,3679,328,1700, FL,30.7646,-85.52320000000002
559,US,3241,P,1720,403,400, FL,30.7646,-85.52320000000002
560,US,3251,L,6407,328,1700, FL,30.4097,-86.6281
561,US,3251,P,6675,403,400, FL,30.4097,-86.6281
562,US,3261,L,3781,328,1700, FL,29.1842,-82.1699
563,US,3261,P,5450,403,400, FL,29.1842,-82.1699
564,US,3271,L,1695,328,1700, FL,28.8287,-81.9076
565,US,3271,P,4920,403,400, FL,28.8287,-81.9076
568,US,3289,N,57750,403,2200, FL,28.4386,-81.3594
569,US,3289,P,6351,403,400, FL,28.4386,-81.3594
570,US,3289,T,51000,403,1700, FL,28.4386,-81.3594
571,US,3291,L,1320,328,1700, FL,28.044,-80.59100000000002
572,US,3291,P,6180,403,400, FL,28.044,-80.59100000000002
573,US,3296,L,5272,328,1700, FL,27.6678,-80.4333
574,US,3296,P,1720,403,400, FL,27.6678,-80.4333
577,US,3302,L,4158,328,1700, FL,26.0368,-80.1656
578,US,3302,P,5340,403,400, FL,26.0368,-80.1656
581,US,3306,L,17615,328,1700, FL,25.797,-80.3155
582,US,3306,P,17572,403,400, FL,25.797,-80.3155
583,US,3309,A,890000,150,900, FL,25.8773,-80.267
584,US,3309,N,56000,403,2200, FL,25.8773,-80.267
585,US,3309,P,10775,403,400, FL,25.8773,-80.267
586,US,3309,T,59080,403,1700, FL,25.8773,-80.267
587,US,3311,L,4072,328,1700, FL,25.5291,-80.4208
588,US,3311,P,6600,403,400, FL,25.5291,-80.4208
589,US,3326,L,20177,328,1700, FL,26.3214,-80.1226
590,US,3326,P,14526,403,400, FL,26.3214,-80.1226
594,US,3333,L,7200,328,1700, FL,26.752333333333336,-81.42020000000002
595,US,3333,P,7372,403,400, FL,26.752333333333336,-81.42020000000002
596,US,3343,L,3258,328,1700, FL,27.1591,-80.2212
597,US,3343,P,6050,403,400, FL,27.1591,-80.2212
598,US,3351,L,1365,328,1700, FL,27.9851,-82.7537
599,US,3351,P,1980,403,400, FL,27.9851,-82.7537
600,US,3352,L,1155,328,1700, FL,27.477,-82.5544
601,US,3352,P,2425,403,400, FL,27.477,-82.5544
602,US,3355,L,1455,328,1700, FL,28.2781,-82.7028
603,US,3355,P,1960,403,400, FL,28.2781,-82.7028
604,US,3357,L,1440,328,1700, FL,28.6176,-82.3535
605,US,3357,P,3660,403,400, FL,28.6176,-82.3535
606,US,3363,L,3420,328,1700, FL,28.035,-82.5296
607,US,3363,P,7106,403,400, FL,28.035,-82.5296
608,US,3369,P,18240,403,400, FL,27.961,-82.3853
609,US,3369,T,7980,403,1700, FL,27.961,-82.3853
610,US,3379,P,10920,403,400, FL,27.8864,-82.71
611,US,3379,T,19578,403,1700, FL,27.8864,-82.71
612,US,3385,L,1800,328,1700, FL,27.9061,-81.5914
613,US,3385,P,4440,403,400, FL,27.9061,-81.5914
616,US,3394,L,2615,328,1700, FL,26.1605,-81.7525
617,US,3394,P,8100,403,400, FL,26.1605,-81.7525
618,US,3399,S,1219999,403,300, FL,26.5436,-81.7735
619,US,3491,L,3601,328,1700, FL,27.3742,-80.3343
620,US,3491,P,4120,403,400, FL,27.3742,-80.3343
621,US,3509,L,7259,328,1700, AL,33.4492,-86.84089999999998
622,US,3509,P,5916,403,400, AL,33.4492,-86.84089999999998
623,US,3529,S,1875,403,300, AL,33.5611,-86.7484
624,US,3529,T,1472,403,1700, AL,33.5611,-86.7484
625,US,3539,L,7981,328,1700, AL,33.5693,-86.7657
626,US,3539,P,6640,403,400, AL,33.5693,-86.7657
627,US,3561,L,3584,328,1700, AL,34.3954,-86.9131
628,US,3561,P,2500,403,400, AL,34.3954,-86.9131
629,US,3562,L,5564,328,1700, AL,34.6254,-87.0387
630,US,3562,P,2100,403,400, AL,34.6254,-87.0387
631,US,3571,L,4913,328,1700, AL,34.4725,-85.6947
632,US,3571,P,2180,403,400, AL,34.4725,-85.6947
633,US,3609,N,56000,403,2200, AL,32.4229,-86.3046
634,US,3609,P,1386,403,400, AL,32.4229,-86.3046
635,US,3609,S,56000,403,300, AL,32.4229,-86.3046
636,US,3609,T,56000,403,1700, AL,32.4229,-86.3046
637,US,3631,L,4074,328,1700, AL,31.3403,-85.8675
638,US,3631,P,1840,403,400, AL,31.3403,-85.8675
639,US,3669,S,1275,403,300, AL,30.6801,-88.2414
640,US,3669,T,936,403,1700, AL,30.6801,-88.2414
641,US,3701,L,5191,328,1700, TN,35.9596,-86.82279999999999
642,US,3701,P,5391,403,400, TN,35.9596,-86.82279999999999
643,US,3702,L,4882,328,1700, TN,36.5046,-87.31760000000001
644,US,3702,P,1560,403,400, TN,36.5046,-87.31760000000001
645,US,3704,L,7800,328,1700, TN,36.0776,-87.3756
646,US,3704,P,1596,403,400, TN,36.0776,-87.3756
647,US,3711,L,3939,328,1700, TN,35.8388,-86.4053
648,US,3711,P,2875,403,400, TN,35.8388,-86.4053
649,US,3719,D,108000,478,1100, TN,36.1015,-86.7563
650,US,3719,N,108000,403,2200, TN,36.1015,-86.7563
651,US,3719,P,3053,403,400, TN,36.1015,-86.7563
652,US,3719,S,108000,403,300, TN,36.1015,-86.7563
653,US,3719,T,108000,403,1700, TN,36.1015,-86.7563
654,US,3729,P,8610,403,400, TN,36.14,-86.7
655,US,3729,T,27451,403,1700, TN,36.14,-86.7
656,US,3731,L,5468,328,1700, TN,35.1317,-84.904
657,US,3731,P,1820,403,400, TN,35.1317,-84.904
658,US,3749,P,8700,403,400, TN,35.0716,-85.1892
659,US,3749,T,20000,403,1700, TN,35.0716,-85.1892
660,US,3762,L,6564,328,1700, TN,36.3525,-82.3651
661,US,3762,P,2725,403,400, TN,36.3525,-82.3651
662,US,3782,L,4782,328,1700, TN,36.0339,-84.3296
663,US,3782,P,2460,403,400, TN,36.0339,-84.3296
664,US,3783,L,3605,328,1700, TN,35.7544,-84.0132
665,US,3783,P,1729,403,400, TN,35.7544,-84.0132
666,US,3789,S,2925,403,300, TN,35.8181,-84.0064
667,US,3789,T,3120,403,1700, TN,35.8181,-84.0064
668,US,3799,D,55000,478,1100, TN,36.0213,-84.0036
669,US,3799,N,55000,403,2200, TN,36.0213,-84.0036
670,US,3799,P,2250,403,400, TN,36.0213,-84.0036
671,US,3799,S,55000,403,300, TN,36.0213,-84.0036
672,US,3799,T,55000,403,1700, TN,36.0213,-84.0036
673,US,3801,L,4421,328,1700, TN,35.1242,-88.565
674,US,3801,P,1202,403,400, TN,35.1242,-88.565
675,US,3809,P,7284,403,400, TN,35.2048,-89.7776
676,US,3809,S,1129999,403,300, TN,35.2048,-89.7776
677,US,3809,T,20000,403,1700, TN,35.2048,-89.7776
678,US,3819,P,6402,403,400, TN,35.0677,-90.0035
679,US,3819,S,20000,403,300, TN,35.0677,-90.0035
680,US,3819,T,22235,403,1700, TN,35.0677,-90.0035
681,US,3831,L,5202,328,1700, TN,35.9682,-88.949
682,US,3831,P,1185,403,400, TN,35.9682,-88.949
683,US,3834,L,1189999,328,1700, MS,35.0477,-89.96389999999998
684,US,3839,S,1009999,403,300, TN,35.6428,-88.7853
685,US,3841,L,4821,328,1700, TN,35.5887,-87.036
686,US,3841,P,2180,403,400, TN,35.5887,-87.036
688,US,3849,A,850000,150,900, TN,35.0477,-89.9639
689,US,3849,D,86000,478,1100, TN,35.0477,-89.9639
690,US,3849,M,980000,400,600, TN,35.0477,-89.9639
691,US,3849,N,86000,403,2200, TN,35.0477,-89.9639
692,US,3849,P,7275,403,400, TN,35.0477,-89.9639
693,US,3849,S,114999,403,300, TN,35.0477,-89.9639
694,US,3849,T,86000,403,1700, TN,35.0477,-89.9639
695,US,3852,L,790000,328,1700, TN,35.11054,-89.88938
696,US,3854,L,1583,328,1700, TN,35.9306,-85.4628
697,US,3854,P,2625,403,400, TN,35.9306,-85.4628
698,US,3861,L,5372,328,1700, MS,34.8157,-89.9737
699,US,3861,P,2180,403,400, MS,34.8157,-89.9737
700,US,3862,P,760000,403,400, MS,35.0477,-89.9639
701,US,3881,L,4741,328,1700, MS,34.678000000000004,-88.5531
702,US,3881,P,1203,403,400, MS,34.678000000000004,-88.5531
703,US,3909,S,830000,403,300, MS,32.3086,-90.0733
704,US,3909,T,860000,403,1700, MS,32.3086,-90.0733
705,US,3911,L,5216,328,1700, MS,32.3561,-90.8286
706,US,3911,P,2500,403,400, MS,32.3561,-90.8286
707,US,3921,P,840000,403,400, MS,32.2687,-90.207
708,US,3929,D,60000,478,1100, MS,32.2687,-90.207
709,US,3929,N,60000,403,2200, MS,32.2687,-90.207
710,US,3929,P,7910,403,400, MS,32.2687,-90.207
711,US,3929,T,60000,403,1700, MS,32.2687,-90.207
712,US,3941,L,3965,328,1700, MS,31.6945,-89.1467
713,US,3941,P,1437,403,400, MS,31.6945,-89.1467
714,US,3951,L,3737,328,1700, MS,30.3882,-88.6469
715,US,3951,P,2280,403,400, MS,30.3882,-88.6469
716,US,3961,L,4376,328,1700, MS,31.2443,-90.4538
717,US,3961,P,1640,403,400, MS,31.2443,-90.4538
719,US,4005,L,910000,328,1700, KY,32.732400000000005,-73.4448
720,US,4009,D,104120,478,1100, KY,38.1745,-85.7206
721,US,4009,N,322764,403,2200, KY,38.1745,-85.7206
722,US,4014,L,990000,328,1700, KY,32.732400000000005,-73.4448
723,US,4022,L,4183,328,1700, KY,38.2206,-85.54969999999999
724,US,4022,P,8250,403,400, KY,38.2206,-85.54969999999999
727,US,4047,L,3456,328,1700, KY,37.6434,-84.7895
728,US,4047,P,1692,403,400, KY,37.6434,-84.7895
729,US,4059,D,73000,478,1100, KY,38.0765,-84.5278
730,US,4059,N,73000,403,2200, KY,38.0765,-84.5278
731,US,4059,P,12819,403,400, KY,38.0765,-84.5278
732,US,4059,T,73000,403,1700, KY,38.0765,-84.5278
733,US,4096,L,5573,328,1700, KY,37.0989,-84.0682
734,US,4096,P,1580,403,400, KY,37.0989,-84.0682
735,US,4101,L,4908,328,1700, KY,38.9809,-84.6009
736,US,4101,P,4200,403,400, KY,38.9809,-84.6009
737,US,4105,L,1900,328,1700, KY,38.6379,-83.7963
738,US,4105,P,1750,403,400, KY,38.6379,-83.7963
740,US,4116,L,990000,328,1700, KY,38.768159999999995,-85.05145999999999
742,US,4224,L,3206,328,1700, KY,36.843,-87.4602
743,US,4224,P,1900,403,400, KY,36.843,-87.4602
744,US,4243,L,4439,328,1700, KY,37.3793,-87.4894
745,US,4243,P,1940,403,400, KY,37.3793,-87.4894
746,US,4271,L,3994,328,1700, KY,37.3305,-85.3594
747,US,4271,P,2100,403,400, KY,37.3305,-85.3594
749,US,4305,L,3684,328,1700, OH,40.0622,-82.3535
750,US,4305,P,4214,403,400, OH,40.0622,-82.3535
751,US,4319,P,5236,403,400, OH,39.9042,-82.9452
752,US,4319,T,37905,403,1700, OH,39.9042,-82.9452
753,US,4329,D,143000,478,1100, OH,40.0007,-83.1239
754,US,4329,N,143000,403,2200, OH,40.0007,-83.1239
755,US,4329,P,8064,403,400, OH,40.0007,-83.1239
756,US,4329,T,143000,403,1700, OH,40.0007,-83.1239
757,US,4339,A,820000,150,900, OH,39.8198,-82.9377
758,US,4339,S,3720,403,300, OH,39.8198,-82.9377
759,US,4339,T,3030,403,1700, OH,39.8198,-82.9377
760,US,4342,L,3688,328,1700, OH,41.3719,-83.113
761,US,4342,P,2150,403,400, OH,41.3719,-83.113
762,US,4351,L,3458,328,1700, OH,41.3011,-84.3417
763,US,4351,P,2050,403,400, OH,41.3011,-84.3417
764,US,4369,D,143000,478,1100, OH,41.5867,-83.6736
765,US,4369,N,143000,403,2200, OH,41.5867,-83.6736
766,US,4369,P,3861,403,400, OH,41.5867,-83.6736
767,US,4369,T,143000,403,1700, OH,41.5867,-83.6736
768,US,4395,L,4015,328,1700, OH,40.2668,-80.6231
769,US,4395,P,1720,403,400, OH,40.2668,-80.6231
770,US,4405,L,3586,328,1700, OH,41.3889,-82.1229
771,US,4405,P,2260,403,400, OH,41.3889,-82.1229
772,US,4409,L,21407,328,1700, OH,41.56399999999999,-81.4782
773,US,4409,P,17150,403,400, OH,41.56399999999999,-81.4782
774,US,4419,L,20916,328,1700, OH,41.3811,-81.8292
775,US,4419,P,5720,403,400, OH,41.3811,-81.8292
776,US,4423,L,3235,328,1700, OH,41.0222,-81.7168
777,US,4423,P,2550,403,400, OH,41.0222,-81.7168
778,US,4429,N,85000,403,2200, OH,41.5648,-81.5804
779,US,4429,P,8424,403,400, OH,41.5648,-81.5804
780,US,4429,T,85000,403,1700, OH,41.5648,-81.5804
781,US,4439,L,6061,328,1700, OH,41.1083,-81.4801
782,US,4439,P,4224,403,400, OH,41.1083,-81.4801
783,US,4449,S,1875,403,300, OH,41.4164,-81.8585
784,US,4449,T,2480,403,1700, OH,41.4164,-81.8585
785,US,4451,L,4343,328,1700, OH,41.0052,-80.6598
786,US,4451,P,2100,403,400, OH,41.0052,-80.6598
787,US,4466,L,4357,328,1700, OH,40.4851,-81.4316
788,US,4466,P,2160,403,400, OH,40.4851,-81.4316
789,US,4479,L,5662,328,1700, OH,40.768,-81.4428
790,US,4479,P,4410,403,400, OH,40.768,-81.4428
791,US,4487,L,4551,328,1700, OH,41.3102,-82.6064
792,US,4487,P,2760,403,400, OH,41.3102,-82.6064
794,US,4499,L,6837,328,1700, OH,40.7763,-82.5457
795,US,4499,P,7020,403,400, OH,40.7763,-82.5457
796,US,4501,L,4224,328,1700, OH,39.3769,-84.5559
797,US,4501,P,1900,403,400, OH,39.3769,-84.5559
798,US,4517,L,4697,328,1700, OH,39.3616,-83.8668
799,US,4517,P,2900,403,400, OH,39.3616,-83.8668
800,US,4519,N,74000,403,2200, OH,39.271,-84.4333
801,US,4519,P,23792,403,400, OH,39.271,-84.4333
802,US,4519,S,74000,403,300, OH,39.271,-84.4333
803,US,4519,T,74000,403,1700, OH,39.271,-84.4333
804,US,4529,P,23139,403,400, OH,39.1208,-84.5373
805,US,4529,T,38000,403,1700, OH,39.1208,-84.5373
806,US,4535,L,1575,328,1700, OH,40.1608,-84.2322
807,US,4535,P,5670,403,400, OH,40.1608,-84.2322
808,US,4539,L,19151,328,1700, OH,39.6733,-84.2404
809,US,4539,P,9540,403,400, OH,39.6733,-84.2404
810,US,4539,S,104999,403,300, OH,39.6733,-84.2404
811,US,4549,L,9103,328,1700, OH,39.7948,-84.1535
812,US,4549,P,3032,403,400, OH,39.7948,-84.1535
814,US,4566,L,4232,328,1700, OH,38.8034,-82.9856
815,US,4566,P,2060,403,400, OH,38.8034,-82.9856
816,US,4569,S,750000,403,300, OH,41.1412,-80.6768
817,US,4575,L,4440,328,1700, OH,39.4129,-81.4518
818,US,4575,P,1662,403,400, OH,39.4129,-81.4518
819,US,4581,L,4262,328,1700, OH,40.5583,-84.5399
820,US,4581,P,2025,403,400, OH,40.5583,-84.5399
821,US,4584,L,4564,328,1700, OH,41.0618,-83.6751
822,US,4584,P,2025,403,400, OH,41.0618,-83.6751
823,US,4601,L,3508,328,1700, IN,40.096,-85.6773
824,US,4601,P,1820,403,400, IN,40.096,-85.6773
825,US,4619,P,12824,403,400, IN,39.7884,-86.17310000000002
826,US,4619,S,17373,403,300, IN,39.7884,-86.17310000000002
827,US,4619,T,16217,403,1700, IN,39.7884,-86.17310000000002
828,US,4621,P,1149999,403,400, IN,39.7884,-86.17310000000002
829,US,4624,L,2940,328,1700, IN,39.9125,-86.0391
830,US,4624,P,2400,403,400, IN,39.9125,-86.0391
831,US,4625,P,890000,403,400, IN,39.7884,-86.17310000000002
832,US,4629,D,144000,478,1100, IN,39.9001,-86.2546
833,US,4629,N,144000,403,2200, IN,39.9001,-86.2546
834,US,4629,P,11220,403,400, IN,39.9001,-86.2546
835,US,4629,T,144000,403,1700, IN,39.9001,-86.2546
836,US,4635,L,6139,328,1700, IN,41.5884,-87.5188
837,US,4635,P,3600,403,400, IN,41.5884,-87.5188
838,US,4636,L,3680,328,1700, IN,41.5421,-86.9089
839,US,4636,P,4520,403,400, IN,41.5421,-86.9089
840,US,4651,L,10816,328,1700, IN,41.6597,-85.9934
841,US,4651,P,5925,403,400, IN,41.6597,-85.9934
842,US,4675,L,4884,328,1700, IN,41.435,-85.0493
843,US,4675,P,4440,403,400, IN,41.435,-85.0493
847,US,4689,L,8505,328,1700, IN,41.1096,-85.1766
848,US,4689,P,10476,403,400, IN,41.1096,-85.1766
849,US,4695,L,4280,328,1700, IN,40.5394,-85.6478
850,US,4695,P,1940,403,400, IN,40.5394,-85.6478
851,US,4715,L,3170,328,1700, IN,38.332,-85.7564
852,US,4715,P,4840,403,400, IN,38.332,-85.7564
853,US,4724,L,4143,328,1700, IN,39.066,-85.2583
854,US,4724,P,1580,403,400, IN,39.066,-85.2583
855,US,4737,L,2833,328,1700, IN,39.8198,-84.9899
856,US,4737,P,1920,403,400, IN,39.8198,-84.9899
857,US,4754,L,3315,328,1700, IN,38.3061,-86.9618
858,US,4754,P,1283,403,400, IN,38.3061,-86.9618
859,US,4793,L,2866,328,1700, IN,40.0537,-86.9052
860,US,4793,P,1660,403,400, IN,40.0537,-86.9052
861,US,4805,L,7018,328,1700, MI,42.6606,-83.3218
862,US,4805,P,6450,403,400, MI,42.6606,-83.3218
863,US,4806,L,3232,328,1700, MI,42.9502,-82.4414
864,US,4806,P,2075,403,400, MI,42.9502,-82.4414
865,US,4809,P,19800,403,400, MI,42.5253,-83.0891
866,US,4809,T,43999,403,1700, MI,42.5253,-83.0891
867,US,4813,L,3151,328,1700, MI,42.2115,-83.2886
868,US,4813,P,6380,403,400, MI,42.2115,-83.2886
869,US,4822,L,14192,328,1700, MI,42.4427,-83.0049
870,US,4822,P,8400,403,400, MI,42.4427,-83.0049
871,US,4829,N,45805,403,2200, MI,42.383,-83.3383
872,US,4829,P,4206,403,400, MI,42.383,-83.3383
873,US,4829,T,42948,403,1700, MI,42.383,-83.3383
874,US,4835,L,4559,328,1700, MI,42.5138,-83.5374
875,US,4835,P,3750,403,400, MI,42.5138,-83.5374
876,US,4849,A,1129999,150,900, MI,42.2099,-83.3268
877,US,4849,S,3831,403,300, MI,42.2099,-83.3268
878,US,4849,T,4025,403,1700, MI,42.2099,-83.3268
879,US,4866,L,3969,328,1700, MI,44.2652,-84.2277
880,US,4866,P,1980,403,400, MI,44.2652,-84.2277
881,US,4872,L,3476,328,1700, MI,43.5891,-83.1816
882,US,4872,P,1700,403,400, MI,43.5891,-83.1816
883,US,4885,L,2831,328,1700, MI,43.6124,-84.7678
884,US,4885,P,5300,403,400, MI,43.6124,-84.7678
885,US,4889,S,850000,403,300, MI,43.37248571428571,-84.72205714285712
886,US,4899,S,103999,403,300, MI,42.77269999999999,-84.60770000000002
887,US,4899,T,1069999,403,1700, MI,42.77269999999999,-84.60770000000002
888,US,4901,L,6622,328,1700, MI,42.3187,-85.1908
889,US,4901,P,7275,403,400, MI,42.3187,-85.1908
890,US,4902,L,5349,328,1700, MI,42.0561,-86.4621
891,US,4902,P,8100,403,400, MI,42.0561,-86.4621
892,US,4909,L,10399,328,1700, MI,42.2402,-85.6824
893,US,4909,N,20000,403,2200, MI,42.2402,-85.6824
894,US,4909,P,8325,403,400, MI,42.2402,-85.6824
895,US,4922,L,2572,328,1700, MI,41.8906,-84.0209
896,US,4922,P,1975,403,400, MI,41.8906,-84.0209
897,US,4943,L,4312,328,1700, MI,43.9468,-86.4276
898,US,4943,P,2450,403,400, MI,43.9468,-86.4276
899,US,4944,L,5347,328,1700, MI,43.2067,-86.2146
900,US,4944,P,9375,403,400, MI,43.2067,-86.2146
901,US,4949,S,830000,403,300, MI,43.06203333333334,-85.67896666666667
902,US,4959,N,54000,403,2200, MI,42.8552,-85.6836
903,US,4959,P,16000,403,400, MI,42.8552,-85.6836
904,US,4959,T,54000,403,1700, MI,42.8552,-85.6836
905,US,4961,L,3579,328,1700, MI,44.7153,-85.5992
906,US,4961,P,6050,403,400, MI,44.7153,-85.5992
907,US,4971,L,3495,328,1700, MI,46.2325,-84.6003
908,US,4971,P,2750,403,400, MI,46.2325,-84.6003
909,US,4972,L,3450,328,1700, MI,45.0151,-84.6871
910,US,4972,P,2000,403,400, MI,45.0151,-84.6871
911,US,4977,L,3011,328,1700, MI,45.3685,-84.9594
912,US,4977,P,1800,403,400, MI,45.3685,-84.9594
913,US,4985,L,5481,328,1700, MI,46.5439,-87.3916
914,US,4985,P,1560,403,400, MI,46.5439,-87.3916
915,US,4989,L,1059999,328,1700, MI,45.7661,-87.0798
916,US,4989,N,20000,403,2200, MI,45.7661,-87.0798
917,US,4989,P,2240,403,400, MI,45.7661,-87.0798
918,US,4992,L,4833,328,1700, MI,47.108,-88.5483
919,US,4992,P,2925,403,400, MI,47.108,-88.5483
920,US,4993,L,3258,328,1700, MI,46.4443,-90.155
921,US,4993,P,3100,403,400, MI,46.4443,-90.155
922,US,5001,L,3334,328,1700, IA,41.0144,-95.2652
923,US,5001,P,1558,403,400, IA,41.0144,-95.2652
924,US,5011,L,4584,328,1700, IA,41.6823,-94.5057
925,US,5011,P,2020,403,400, IA,41.6823,-94.5057
926,US,5021,P,1209999,403,400, IA,41.6189,-93.5893
929,US,5039,D,26210,478,1100, IA,41.6189,-93.5893
930,US,5039,N,52000,403,2200, IA,41.6189,-93.5893
931,US,5039,P,10809,403,400, IA,41.6189,-93.5893
932,US,5039,T,52000,403,1700, IA,41.6189,-93.5893
933,US,5119,P,3480,403,400, IA,42.505,-96.3807
934,US,5249,A,1049999,150,900, IA,41.8907,-91.6898
935,US,5249,S,6480,403,300, IA,41.8907,-91.6898
936,US,5249,T,3630,403,1700, IA,41.8907,-91.6898
937,US,5255,L,3709,328,1700, IA,41.3121,-92.6458
938,US,5255,P,2160,403,400, IA,41.3121,-92.6458
939,US,5289,N,29000,403,2200, IA,41.5978,-90.5913
940,US,5289,P,13365,403,400, IA,41.5978,-90.5913
941,US,5289,T,29000,403,1700, IA,41.5978,-90.5913
942,US,5301,L,4000,328,1700, WI,43.174,-88.71409999999999
943,US,5301,P,3960,403,400, WI,43.174,-88.71409999999999
944,US,5319,D,76000,478,1100, WI,43.0293,-87.914
945,US,5319,N,76000,403,2200, WI,43.0293,-87.914
946,US,5319,P,4077,403,400, WI,43.0293,-87.914
947,US,5319,T,76000,403,1700, WI,43.0293,-87.914
948,US,5329,P,21673,403,400, WI,43.0361,-88.1072
949,US,5329,T,31022,403,1700, WI,43.0361,-88.1072
950,US,5339,S,2825,403,300, WI,42.94480000000001,-87.9132
951,US,5339,T,1950,403,1700, WI,42.94480000000001,-87.9132
952,US,5354,L,3690,328,1700, WI,42.67929999999999,-89.0317
953,US,5354,P,4334,403,400, WI,42.67929999999999,-89.0317
954,US,5371,L,6750,328,1700, WI,43.1028,-89.5151
955,US,5371,P,9663,403,400, WI,43.1028,-89.5151
956,US,5384,L,840000,328,1700, WI,42.9745,-90.1422
957,US,5394,L,1109999,328,1700, WI,43.3579,-89.76899999999998
958,US,5414,L,3020,328,1700, WI,45.0788,-87.6431
959,US,5414,P,1520,403,400, WI,45.0788,-87.6431
960,US,5431,L,4480,328,1700, WI,44.4782,-87.9237
961,US,5431,P,3050,403,400, WI,44.4782,-87.9237
962,US,5449,L,9418,328,1700, WI,44.499,-89.5591
963,US,5449,N,20000,403,2200, WI,44.499,-89.5591
964,US,5449,P,4590,403,400, WI,44.499,-89.5591
965,US,5449,S,930000,403,300, WI,44.499,-89.5591
966,US,5471,L,3944,328,1700, WI,44.9743,-92.3736
967,US,5471,P,2825,403,400, WI,44.9743,-92.3736
968,US,5479,S,1029999,403,300, WI,44.8011,-91.4646
969,US,5486,L,3183,328,1700, WI,45.4882,-91.7369
970,US,5486,P,1680,403,400, WI,45.4882,-91.7369
971,US,5501,L,4882,328,1700, MN,44.5583,-92.5675
972,US,5501,P,1305,403,400, MN,44.5583,-92.5675
973,US,5502,L,988,328,1700, MN,44.2967,-93.2955
974,US,5502,P,1339,403,400, MN,44.2967,-93.2955
975,US,5504,L,6447,328,1700, MN,44.0912,-93.2685
976,US,5504,P,1515,403,400, MN,44.0912,-93.2685
977,US,5519,N,95000,403,2200, MN,44.8279,-93.1095
978,US,5519,P,6552,403,400, MN,44.8279,-93.1095
979,US,5519,T,95000,403,1700, MN,44.8279,-93.1095
980,US,5529,S,8534,403,300, MN,44.8687,-93.2348
981,US,5529,T,12148,403,1700, MN,44.8687,-93.2348
982,US,5534,L,3212,328,1700, MN,45.4904,-93.2528
983,US,5534,P,2940,403,400, MN,45.4904,-93.2528
984,US,5549,N,80000,403,2200, MN,44.9996,-93.2156
985,US,5549,P,9408,403,400, MN,44.9996,-93.2156
986,US,5549,T,80000,403,1700, MN,44.9996,-93.2156
987,US,5571,L,5357,328,1700, MN,47.2199,-93.5235
988,US,5571,P,1960,403,400, MN,47.2199,-93.5235
989,US,5591,L,4791,328,1700, MN,43.6282,-93.3571
990,US,5591,P,1560,403,400, MN,43.6282,-93.3571
991,US,5592,L,6692,328,1700, MN,44.0412,-91.6088
992,US,5592,P,1182,403,400, MN,44.0412,-91.6088
993,US,5599,P,101999,403,400, MN,45.111,-93.4158
994,US,5599,T,39938,403,1700, MN,45.111,-93.4158
995,US,5601,L,5015,328,1700, MN,43.9809,-94.6147
996,US,5601,P,1565,403,400, MN,43.9809,-94.6147
997,US,5621,L,5524,328,1700, MN,44.8102,-95.5568
998,US,5621,P,1800,403,400, MN,44.8102,-95.5568
999,US,5622,L,3515,328,1700, MN,45.5852,-95.9158
1000,US,5622,P,1247,403,400, MN,45.5852,-95.9158
1001,US,5641,L,1569,328,1700, MN,46.4423,-95.1292
1002,US,5641,P,1163,403,400, MN,46.4423,-95.1292
1003,US,5651,L,5668,328,1700, MN,45.8385,-95.5394
1004,US,5651,P,1500,403,400, MN,45.8385,-95.5394
1005,US,5652,L,4328,328,1700, MN,46.2981,-96.0877
1006,US,5652,P,2040,403,400, MN,46.2981,-96.0877
1007,US,5653,L,5015,328,1700, MN,46.8176,-95.8262
1008,US,5653,P,1580,403,400, MN,46.8176,-95.8262
1009,US,5661,L,780,328,1700, MN,48.5692,-93.3964
1010,US,5661,P,1415,403,400, MN,48.5692,-93.3964
1011,US,5701,L,1940,328,1700, SD,44.3116,-96.8091
1012,US,5701,P,1480,403,400, SD,44.3116,-96.8091
1013,US,5709,S,1179999,403,300, SD,43.5894,-96.7288
1014,US,5709,T,870000,403,1700, SD,43.5894,-96.7288
1015,US,5719,D,20000,478,1100, SD,43.5753,-96.7681
1016,US,5719,N,20000,403,2200, SD,43.5753,-96.7681
1017,US,5719,P,4520,403,400, SD,43.5753,-96.7681
1018,US,5719,T,20000,403,1700, SD,43.5753,-96.7681
1019,US,5733,L,2000,328,1700, SD,44.3691,-97.9339
1020,US,5733,P,1480,403,400, SD,44.3691,-97.9339
1021,US,5753,L,2020,328,1700, SD,43.3746,-99.8577
1022,US,5753,P,1080,403,400, SD,43.3746,-99.8577
1023,US,5771,L,2440,328,1700, SD,44.4126,-103.5153
1024,US,5771,P,1573,403,400, SD,44.4126,-103.5153
1025,US,5819,N,20000,403,2200, ND,46.8903,-96.8452
1026,US,5819,P,3720,403,400, ND,46.8903,-96.8452
1027,US,5819,T,20000,403,1700, ND,46.8903,-96.8452
1028,US,5829,S,770000,403,300, ND,47.8798,-97.0452
1029,US,5859,N,20000,403,2200, ND,46.8396,-100.732
1030,US,5859,P,2400,403,400, ND,46.8396,-100.732
1031,US,5859,S,810000,403,300, ND,46.8396,-100.732
1032,US,5919,D,20000,478,1100, MT,45.7596,-108.5625
1033,US,5919,P,4760,403,400, MT,45.7596,-108.5625
1034,US,5919,T,20000,403,1700, MT,45.7596,-108.5625
1035,US,5929,S,2460,403,300, MT,45.8042,-108.5685
1036,US,5929,T,2000,403,1700, MT,45.8042,-108.5685
1037,US,5931,L,2310,328,1700, MT,47.1021,-104.76550000000002
1038,US,5931,P,1273,403,400, MT,47.1021,-104.76550000000002
1039,US,5941,L,2144,328,1700, MT,47.0685,-109.43059999999998
1040,US,5941,P,1730,403,400, MT,47.0685,-109.43059999999998
1041,US,5942,L,1543,328,1700, MT,48.6394,-112.3405
1042,US,5942,P,992,403,400, MT,48.6394,-112.3405
1043,US,5969,L,840000,328,1700, MT,46.602,-111.9843
1044,US,5969,N,20000,403,2200, MT,46.602,-111.9843
1045,US,5969,P,5640,403,400, MT,46.602,-111.9843
1046,US,5971,L,5438,328,1700, MT,45.7072,-111.0634
1047,US,5971,P,2500,403,400, MT,45.7072,-111.0634
1048,US,5979,S,920000,403,300, MT,47.1021,-104.76550000000002
1049,US,5989,S,1079999,403,300, MT,46.602,-111.9843
1050,US,5991,L,2284,328,1700, MT,48.3853,-115.547
1051,US,5991,P,1662,403,400, MT,48.3853,-115.547
1052,US,6009,P,13336,403,400, IL,42.1069,-87.8294
1053,US,6009,T,38680,403,1700, IL,42.1069,-87.8294
1054,US,6011,L,4501,328,1700, IL,41.8985,-88.7691
1055,US,6011,P,2460,403,400, IL,41.8985,-88.7691
1056,US,6019,P,13034,403,400, IL,41.9408,-87.8932
1057,US,6019,T,46801,403,1700, IL,41.9408,-87.8932
1058,US,6029,P,30707,403,400, IL,42.1388,-88.0339
1059,US,6029,T,76869,403,1700, IL,42.1388,-88.0339
1060,US,6039,N,91813,403,2200, IL,41.9249,-88.0237
1061,US,6039,P,25922,403,400, IL,41.9249,-88.0237
1062,US,6039,T,89000,403,1700, IL,41.9249,-88.0237
1063,US,6041,L,5948,328,1700, IL,41.5864,-87.6461
1064,US,6041,P,8000,403,400, IL,41.5864,-87.6461
1065,US,6043,L,1747,328,1700, IL,41.5048,-88.1246
1066,US,6043,P,5015,403,400, IL,41.5048,-88.1246
1067,US,6049,P,13067,403,400, IL,41.7595,-87.7865
1068,US,6049,T,75251,403,1700, IL,41.7595,-87.7865
1069,US,6051,L,3102,328,1700, IL,41.7736,-87.9809
1070,US,6051,P,5280,403,400, IL,41.7736,-87.9809
1071,US,6059,D,295000,478,1100, IL,41.6929,-87.6005
1072,US,6059,N,295000,403,2200, IL,41.6929,-87.6005
1073,US,6059,S,295000,403,300, IL,41.6929,-87.6005
1074,US,6059,T,295000,403,1700, IL,41.6929,-87.6005
1075,US,6063,P,920000,403,400, IL,41.8631,-87.64200000000002
1077,US,6069,P,19713,403,400, IL,41.8631,-87.64200000000002
1078,US,6069,S,52888,403,300, IL,41.8631,-87.64200000000002
1079,US,6069,T,58556,403,1700, IL,41.8631,-87.64200000000002
1080,US,6089,S,6660,403,300, IL,41.9579,-87.9026
1081,US,6089,T,6667,403,1700, IL,41.9579,-87.9026
1082,US,6103,L,5527,328,1700, IL,42.3019,-89.61399999999998
1083,US,6103,P,1404,403,400, IL,42.3019,-89.61399999999998
1084,US,6104,P,870000,403,400, IL,41.7595,-87.7865
1085,US,6119,N,135023,403,2200, IL,42.2,-89.09
1086,US,6119,P,10189,403,400, IL,42.2,-89.09
1087,US,6119,S,999999,403,300, IL,42.2,-89.09
1088,US,6119,T,30033,403,1700, IL,42.2,-89.09
1089,US,6126,L,2550,328,1700, IL,41.4534,-90.5439
1090,US,6126,P,3920,403,400, IL,41.4534,-90.5439
1091,US,6135,L,4292,328,1700, IL,41.32899999999999,-89.1131
1092,US,6135,P,4800,403,400, IL,41.32899999999999,-89.1131
1093,US,6169,S,3690,403,300, IL,40.705259999999996,-89.57972
1094,US,6169,T,2730,403,1700, IL,40.705259999999996,-89.57972
1095,US,6182,L,5001,328,1700, IL,40.1225,-88.2195
1096,US,6182,P,4880,403,400, IL,40.1225,-88.2195
1097,US,6183,L,5136,328,1700, IL,40.1016,-87.6317
1098,US,6183,P,1261,403,400, IL,40.1016,-87.6317
1099,US,6193,L,4250,328,1700, IL,39.4635,-88.3712
1100,US,6193,P,1840,403,400, IL,39.4635,-88.3712
1101,US,6195,L,1019999,328,1700, IL,40.1489,-88.2734
1102,US,6206,L,1239999,328,1700, IL,41.7714,-88.1995
1103,US,6245,L,2813,328,1700, IL,38.7131,-88.0904
1104,US,6245,P,1746,403,400, IL,38.7131,-88.0904
1105,US,6252,L,6445,328,1700, IL,39.8779,-88.9482
1106,US,6252,P,2420,403,400, IL,39.8779,-88.9482
1107,US,6259,N,20000,403,2200, IL,39.8606,-88.9291
1108,US,6265,L,2813,328,1700, IL,39.7232,-90.2165
1109,US,6265,P,1372,403,400, IL,39.7232,-90.2165
1110,US,6302,L,5084,328,1700, MO,38.1997,-90.391
1111,US,6302,P,1751,403,400, MO,38.1997,-90.391
1112,US,6309,N,100000,403,2200, MO,38.7766,-90.4644
1113,US,6309,P,120999,403,400, MO,38.7766,-90.4644
1114,US,6309,S,100000,403,300, MO,38.7766,-90.4644
1115,US,6309,T,100000,403,1700, MO,38.7766,-90.4644
1116,US,6319,P,7004,403,400, MO,38.6651,-90.1749
1117,US,6319,T,20000,403,1700, MO,38.6651,-90.1749
1118,US,6329,S,2460,403,300, MO,38.7498,-90.3472
1119,US,6329,T,2490,403,1700, MO,38.7498,-90.3472
1120,US,6331,L,790000,328,1700, MO,38.7766,-90.4644
1121,US,6419,P,8634,403,400, KS,39.1077,-94.6126
1122,US,6419,T,29000,403,1700, KS,39.1077,-94.6126
1123,US,6429,S,940000,403,300, MO,39.3064,-94.7183
1124,US,6429,T,860000,403,1700, MO,39.3064,-94.7183
1125,US,6463,L,1239999,328,1700, MO,38.75411428571429,-90.39388571428572
1126,US,6489,L,3959,328,1700, MO,37.0873,-94.5362
1127,US,6489,N,4732,403,2200, MO,37.0873,-94.5362
1128,US,6489,P,4974,403,400, MO,37.0873,-94.5362
1129,US,6529,P,10640,403,400, MO,38.9732,-92.3001
1130,US,6529,T,20000,403,1700, MO,38.9732,-92.3001
1131,US,6559,P,1189999,403,400, MO,37.2497,-93.3855
1132,US,6559,S,2240,403,300, MO,37.2497,-93.3855
1133,US,6559,T,1820,403,1700, MO,37.2497,-93.3855
1134,US,6561,L,4084,328,1700, MO,36.6108,-93.2264
1135,US,6561,P,2925,403,400, MO,36.6108,-93.2264
1136,US,6589,L,6720,328,1700, MO,37.2314,-93.2568
1137,US,6589,P,5040,403,400, MO,37.2314,-93.2568
1138,US,6589,S,890000,403,300, MO,37.2314,-93.2568
1139,US,6601,L,4727,328,1700, KS,38.9888,-95.2319
1140,US,6601,P,2460,403,400, KS,38.9888,-95.2319
1141,US,6609,S,900000,403,300, KS,38.4051,-96.2229
1142,US,6629,D,147000,478,1100, KS,38.9367,-94.7518
1143,US,6629,N,147000,403,2200, KS,38.9367,-94.7518
1144,US,6629,P,9706,403,400, KS,38.9367,-94.7518
1145,US,6629,S,147000,403,300, KS,38.9367,-94.7518
1146,US,6629,T,147000,403,1700, KS,38.9367,-94.7518
1147,US,6671,L,3412,328,1700, KS,37.4105,-94.7005
1148,US,6671,P,2325,403,400, KS,37.4105,-94.7005
1149,US,6719,S,1169999,403,300, KS,37.6582,-97.4305
1150,US,6719,T,860000,403,1700, KS,37.6582,-97.4305
1151,US,6729,N,8546,403,2200, KS,37.6412,-97.3892
1152,US,6729,P,103999,403,400, KS,37.6412,-97.3892
1153,US,6729,T,20000,403,1700, KS,37.6412,-97.3892
1154,US,6749,N,20000,403,2200, KS,38.8489,-97.6389
1155,US,6749,P,6356,403,400, KS,38.8489,-97.6389
1156,US,6749,T,20000,403,1700, KS,38.8489,-97.6389
1157,US,6751,L,4850,328,1700, KS,38.0697,-97.8855
1158,US,6751,P,2040,403,400, KS,38.0697,-97.8855
1159,US,6781,L,4167,328,1700, KS,37.9911,-100.8796
1160,US,6781,P,1880,403,400, KS,37.9911,-100.8796
1161,US,6819,N,53000,403,2200, NE,41.2054,-95.952
1162,US,6819,P,40850,403,400, NE,41.2054,-95.952
1163,US,6819,S,26667,403,300, NE,41.2054,-95.952
1164,US,6819,T,53000,403,1700, NE,41.2054,-95.952
1165,US,6842,L,2280,328,1700, NE,40.3944,-95.8321
1166,US,6842,P,1653,403,400, NE,40.3944,-95.8321
1167,US,6871,L,1620,328,1700, NE,42.4506,-98.6133
1168,US,6871,P,1280,403,400, NE,42.4506,-98.6133
1169,US,6879,S,1880,403,300, NE,41.3061,-95.9054
1170,US,6879,T,1290,403,1700, NE,41.3061,-95.9054
1171,US,6881,L,4960,328,1700, NE,40.6851,-99.0792
1172,US,6881,P,2040,403,400, NE,40.6851,-99.0792
1173,US,6882,L,2020,328,1700, NE,41.4013,-99.6408
1174,US,6882,P,1440,403,400, NE,41.4013,-99.6408
1175,US,6889,S,1019999,403,300, NE,41.41636,-97.45684
1176,US,6911,L,1840,328,1700, NE,41.1477,-102.9772
1177,US,6911,P,1240,403,400, NE,41.1477,-102.9772
1178,US,6919,N,20000,403,2200, NE,41.1261,-100.739
1179,US,6919,P,2260,403,400, NE,41.1261,-100.739
1180,US,6919,T,20000,403,1700, NE,41.1261,-100.739
1181,US,6931,L,2140,328,1700, NE,41.8574,-103.6626
1182,US,6931,P,1520,403,400, NE,41.8574,-103.6626
1183,US,7009,T,960,403,1700, LA,29.9863,-90.2718
1184,US,7019,N,41000,403,2200, LA,29.9196,-90.2077
1185,US,7019,P,3551,403,400, LA,29.9196,-90.2077
1186,US,7019,T,41000,403,1700, LA,29.9196,-90.2077
1187,US,7031,L,3124,328,1700, LA,30.2193,-90.9292
1188,US,7031,P,2150,403,400, LA,30.2193,-90.9292
1189,US,7045,L,4275,328,1700, LA,30.5009,-90.4826
1190,US,7045,P,2040,403,400, LA,30.5009,-90.4826
1191,US,7049,L,4275,328,1700, LA,29.95305,-90.16166666666668
1192,US,7049,P,5040,403,400, LA,29.95305,-90.16166666666668
1193,US,7051,L,3864,328,1700, LA,30.4401,-92.0706
1194,US,7051,P,1425,403,400, LA,30.4401,-92.0706
1195,US,7052,L,4110,328,1700, LA,29.9844,-91.7732
1196,US,7052,P,1425,403,400, LA,29.9844,-91.7732
1199,US,7069,L,3288,328,1700, LA,30.2351,-93.1836
1200,US,7069,N,20000,403,2200, LA,30.2351,-93.1836
1201,US,7069,P,6000,403,400, LA,30.2351,-93.1836
1202,US,7089,L,3151,328,1700, LA,30.458950000000005,-91.20416666666668
1203,US,7089,P,6480,403,400, LA,30.458950000000005,-91.20416666666668
1205,US,7119,N,20000,403,2200, LA,32.4823,-93.7671
1206,US,7119,P,5700,403,400, LA,32.4823,-93.7671
1207,US,7119,T,20000,403,1700, LA,32.4823,-93.7671
1208,US,7122,L,1665,328,1700, LA,32.4638,-91.5001
1209,US,7122,P,1370,403,400, LA,32.4638,-91.5001
1210,US,7123,L,3699,328,1700, LA,32.5304,-92.6346
1211,US,7123,P,1302,403,400, LA,32.5304,-92.6346
1213,US,7161,L,3741,328,1700, AR,33.5289,-91.4201
1214,US,7161,P,1507,403,400, AR,33.5289,-91.4201
1215,US,7171,L,2076,328,1700, AR,33.5861,-92.8299
1216,US,7171,P,1439,403,400, AR,33.5861,-92.8299
1217,US,7189,P,1119999,403,400, AR,33.4779,-94.01
1218,US,7191,L,1542,328,1700, AR,34.3797,-92.8277
1219,US,7191,P,1549,403,400, AR,34.3797,-92.8277
1220,US,7192,P,900000,403,400, AR,34.5189,-93.1256
1221,US,7209,M,750000,400,600, AR,34.718,-92.2249
1222,US,7209,S,4050,403,300, AR,34.718,-92.2249
1223,US,7209,T,3900,403,1700, AR,34.718,-92.2249
1224,US,7229,N,76000,403,2200, AR,34.2276,-91.9887
1225,US,7229,P,30914,403,400, AR,34.2276,-91.9887
1226,US,7229,T,76000,403,1700, AR,34.2276,-91.9887
1227,US,7231,L,2055,328,1700, AR,35.891,-89.9237
1228,US,7231,P,1412,403,400, AR,35.891,-89.9237
1229,US,7241,L,2240,328,1700, AR,36.2109,-90.9586
1230,US,7241,P,1617,403,400, AR,36.2109,-90.9586
1231,US,7263,L,2528,328,1700, AR,36.3369,-92.3889
1232,US,7263,P,1699,403,400, AR,36.3369,-92.3889
1233,US,7309,S,831,403,300, OK,35.3974,-97.5948
1234,US,7309,T,613,403,1700, OK,35.3974,-97.5948
1235,US,7319,A,1189999,150,900, OK,35.456,-97.5834
1236,US,7319,N,88000,403,2200, OK,35.456,-97.5834
1237,US,7319,P,11304,403,400, OK,35.456,-97.5834
1238,US,7319,S,88000,403,300, OK,35.456,-97.5834
1239,US,7319,T,88000,403,1700, OK,35.456,-97.5834
1240,US,7351,L,3135,328,1700, OK,34.6377,-99.31329999999998
1241,US,7351,P,1486,403,400, OK,34.6377,-99.31329999999998
1242,US,7369,S,1009999,403,300, OK,36.4052,-97.8789
1243,US,7401,L,5943,328,1700, OK,36.1121,-97.0526
1244,US,7401,P,1535,403,400, OK,36.1121,-97.0526
1245,US,7409,S,1009,403,300, OK,36.1893,-95.8875
1246,US,7409,T,624,403,1700, OK,36.1893,-95.8875
1247,US,7419,P,12652,403,400, OK,36.0786,-95.8454
1248,US,7419,T,20000,403,1700, OK,36.0786,-95.8454
1249,US,7479,S,1059999,403,300, OK,27.207600000000006,-76.39752
1250,US,7492,L,2061,328,1700, OK,35.4471,-94.7998
1251,US,7492,P,1679,403,400, OK,35.4471,-94.7998
1252,US,7502,L,4384,328,1700, TX,33.6878,-96.5782
1253,US,7502,P,2900,403,400, TX,33.6878,-96.5782
1254,US,7511,P,1069999,403,400, TX,26.23368,-77.3308
1255,US,7519,D,91000,478,1100, TX,32.7921,-96.6635
1256,US,7519,N,91000,403,2200, TX,32.7921,-96.6635
1257,US,7519,P,9068,403,400, TX,32.7921,-96.6635
1258,US,7519,T,91000,403,1700, TX,32.7921,-96.6635
1259,US,7523,P,870000,403,400, TX,32.9895,-97.3475
1260,US,7526,P,940000,403,400, TX,32.9895,-97.3475
1261,US,7529,N,97000,403,2200, TX,32.9895,-97.3475
1262,US,7529,P,15056,403,400, TX,32.9895,-97.3475
1263,US,7529,T,97000,403,1700, TX,32.9895,-97.3475
1264,US,7539,S,1119999,403,300, TX,32.9257,-97.03299999999996
1265,US,7601,L,2946,328,1700, TX,32.433,-97.8195
1266,US,7601,P,1680,403,400, TX,32.433,-97.8195
1267,US,7619,P,17010,403,400, TX,32.7804,-97.3307
1268,US,7619,T,28000,403,1700, TX,32.7804,-97.3307
1269,US,7631,L,2206,328,1700, TX,34.16,-99.2998
1270,US,7631,P,1365,403,400, TX,34.16,-99.2998
1271,US,7639,L,4891,328,1700, TX,33.9093,-98.4956
1272,US,7639,N,108999,403,2200, TX,33.9093,-98.4956
1273,US,7639,P,2425,403,400, TX,33.9093,-98.4956
1274,US,7645,L,980000,328,1700, TX,32.974000000000004,-97.2501
1275,US,7649,D,28819,478,1100, TX,32.9257,-97.03299999999996
1276,US,7649,P,10920,403,400, TX,32.9257,-97.03299999999996
1277,US,7649,S,18440,403,300, TX,32.9257,-97.03299999999996
1278,US,7649,T,37959,403,1700, TX,32.9257,-97.03299999999996
1279,US,7652,L,3042,328,1700, TX,31.0575,-97.4582
1280,US,7652,P,3840,403,400, TX,31.0575,-97.4582
1281,US,7669,S,1695,403,300, TX,30.217400000000005,-97.6684
1282,US,7669,T,1260,403,1700, TX,30.217400000000005,-97.6684
1283,US,7709,N,60000,403,2200, TX,29.6395,-95.2895
1284,US,7709,P,12654,403,400, TX,29.6395,-95.2895
1285,US,7709,S,60000,403,300, TX,29.6395,-95.2895
1286,US,7709,T,60000,403,1700, TX,29.6395,-95.2895
1289,US,7729,A,1059999,150,900, TX,30.0037,-95.309
1290,US,7729,M,1119999,400,600, TX,30.0037,-95.309
1291,US,7729,S,1800,403,300, TX,30.0037,-95.309
1292,US,7729,T,5400,403,1700, TX,30.0037,-95.309
1293,US,7749,P,24797,403,400, TX,29.6194,-95.5557
1294,US,7749,T,33000,403,1700, TX,29.6194,-95.5557
1295,US,7752,L,3946,328,1700, TX,29.8064,-94.9745
1296,US,7752,P,2150,403,400, TX,29.8064,-94.9745
1297,US,7753,L,3494,328,1700, TX,29.1504,-95.4299
1298,US,7753,P,1800,403,400, TX,29.1504,-95.4299
1299,US,7756,L,2425,328,1700, TX,29.6005,-95.1687
1300,US,7756,P,4280,403,400, TX,29.6005,-95.1687
1301,US,7759,L,10740,328,1700, TX,29.6759,-95.3211
1302,US,7759,P,13480,403,400, TX,29.6759,-95.3211
1303,US,7801,L,3864,328,1700, TX,30.0217,-99.1151
1304,US,7801,P,1960,403,400, TX,30.0217,-99.1151
1305,US,7805,L,2117,328,1700, TX,28.9444,-98.4839
1306,US,7805,P,1605,403,400, TX,28.9444,-98.4839
1307,US,7811,L,2425,328,1700, TX,28.8914,-97.8931
1308,US,7811,P,1288,403,400, TX,28.8914,-97.8931
1309,US,7821,L,4152,328,1700, TX,29.505,-98.6326
1310,US,7821,P,2400,403,400, TX,29.505,-98.6326
1311,US,7829,N,38000,403,2200, TX,29.4851,-98.3637
1312,US,7829,P,17325,403,400, TX,29.4851,-98.3637
1313,US,7829,S,38000,403,300, TX,29.4851,-98.3637
1314,US,7829,T,38000,403,1700, TX,29.4851,-98.3637
1315,US,7849,L,3083,328,1700, TX,27.7909,-97.4532
1316,US,7849,N,20000,403,2200, TX,27.7909,-97.4532
1317,US,7849,P,8082,403,400, TX,27.7909,-97.4532
1318,US,7851,L,2710,328,1700, TX,26.2198,-98.2106
1319,US,7851,P,6128,403,400, TX,26.2198,-98.2106
1320,US,7852,L,3247,328,1700, TX,25.9085,-97.4438
1321,US,7852,P,2575,403,400, TX,25.9085,-97.4438
1322,US,7859,S,1215,403,300, TX,26.1914,-97.6912
1323,US,7859,T,1155,403,1700, TX,26.1914,-97.6912
1324,US,7879,P,15840,403,400, TX,30.3376,-97.6607
1325,US,7879,S,114999,403,300, TX,30.3376,-97.6607
1326,US,7879,T,38000,403,1700, TX,30.3376,-97.6607
1327,US,7882,L,2158,328,1700, TX,28.7058,-100.5057
1328,US,7882,P,1425,403,400, TX,28.7058,-100.5057
1329,US,7884,L,1871,328,1700, TX,29.2117,-99.7917
1330,US,7884,P,1124,403,400, TX,29.2117,-99.7917
1331,US,7901,L,7864,328,1700, TX,34.1082,-101.7774
1332,US,7901,P,1605,403,400, TX,34.1082,-101.7774
1336,US,7939,L,3604,328,1700, TX,35.2027,-101.8396
1337,US,7939,P,5678,403,400, TX,35.2027,-101.8396
1338,US,7939,S,1239999,403,300, TX,35.2027,-101.8396
1339,US,7959,S,1049999,403,300, TX,33.47736,-100.4868
1340,US,7976,L,3165,328,1700, TX,31.8609,-102.3381
1341,US,7976,P,1110,403,400, TX,31.8609,-102.3381
1342,US,7979,L,4069,328,1700, TX,31.9613,-102.1345
1343,US,7979,P,2350,403,400, TX,31.9613,-102.1345
1344,US,7979,S,870000,403,300, TX,31.9613,-102.1345
1345,US,7999,P,8470,403,400, TX,31.8155,-106.3929
1346,US,7999,T,20000,403,1700, TX,31.8155,-106.3929
1347,US,8029,N,154000,403,2200, CO,39.7878,-104.9199
1348,US,8029,P,16001,403,400, CO,39.7878,-104.9199
1349,US,8029,S,154000,403,300, CO,39.7878,-104.9199
1350,US,8029,T,154000,403,1700, CO,39.7878,-104.9199
1351,US,8039,S,9180,403,300, CO,39.8328,-104.6833
1352,US,8039,T,13750,403,1700, CO,39.8328,-104.6833
1353,US,8046,L,4022,328,1700, CO,40.4936,-106.9496
1354,US,8046,P,1868,403,400, CO,40.4936,-106.9496
1355,US,8057,L,5097,328,1700, CO,40.1625,-105.0803
1356,US,8057,P,4200,403,400, CO,40.1625,-105.0803
1357,US,8063,L,5335,328,1700, CO,40.4327,-104.6871
1358,US,8063,P,1800,403,400, CO,40.4327,-104.6871
1359,US,8095,L,14143,328,1700, CO,38.8647,-104.6832
1360,US,8095,P,6880,403,400, CO,38.8647,-104.6832
1361,US,8101,L,2356,328,1700, CO,38.0446,-103.512
1362,US,8101,P,1425,403,400, CO,38.0446,-103.512
1363,US,8102,L,5230,328,1700, CO,38.2173,-104.64619999999998
1364,US,8102,P,1580,403,400, CO,38.2173,-104.64619999999998
1365,US,8105,L,2337,328,1700, CO,38.0869,-102.6196
1366,US,8105,P,1695,403,400, CO,38.0869,-102.6196
1367,US,8109,L,2800,328,1700, CO,37.191,-104.495
1368,US,8109,P,1875,403,400, CO,37.191,-104.495
1369,US,8113,L,2228,328,1700, CO,38.4399,-105.22610000000002
1370,US,8113,P,1590,403,400, CO,38.4399,-105.22610000000002
1373,US,8159,L,6320,328,1700, CO,39.1197,-108.65479999999998
1374,US,8159,N,20000,403,2200, CO,39.1197,-108.65479999999998
1375,US,8159,P,2420,403,400, CO,39.1197,-108.65479999999998
1376,US,8161,L,5742,328,1700, CO,39.5533,-107.3268
1377,US,8161,P,2300,403,400, CO,39.5533,-107.3268
1378,US,8162,L,2407,328,1700, CO,40.5112,-107.5425
1379,US,8162,P,1545,403,400, CO,40.5112,-107.5425
1380,US,8201,L,3307,328,1700, WY,41.3124,-105.5945
1381,US,8201,P,1605,403,400, WY,41.3124,-105.5945
1382,US,8259,L,3578,328,1700, WY,43.0336,-108.4009
1383,US,8259,P,2080,403,400, WY,43.0336,-108.4009
1384,US,8269,N,20000,403,2200, WY,42.8698,-106.3477
1385,US,8269,P,3240,403,400, WY,42.8698,-106.3477
1386,US,8269,T,20000,403,1700, WY,42.8698,-106.3477
1387,US,8293,L,2284,328,1700, WY,41.2671,-110.9919
1388,US,8293,P,1633,403,400, WY,41.2671,-110.9919
1389,US,8321,L,2250,328,1700, ID,42.6568,-111.5949
1390,US,8321,P,1494,403,400, ID,42.6568,-111.5949
1391,US,8329,S,999999,403,300, ID,43.566,-116.2452
1392,US,8329,T,11225,403,1700, ID,43.566,-116.2452
1393,US,8331,L,2121,328,1700, ID,42.55,-113.7571
1394,US,8331,P,1442,403,400, ID,42.55,-113.7571
1395,US,8332,L,3522,328,1700, ID,43.51600000000001,-114.314
1396,US,8332,P,1441,403,400, ID,43.51600000000001,-114.314
1397,US,8339,L,4985,328,1700, ID,42.5905,-114.4575
1398,US,8339,P,1754,403,400, ID,42.5905,-114.4575
1399,US,8342,L,2179,328,1700, ID,45.1764,-113.8974
1400,US,8342,P,1147,403,400, ID,45.1764,-113.8974
1401,US,8346,L,2467,328,1700, ID,43.8562,-111.7668
1402,US,8346,P,1545,403,400, ID,43.8562,-111.7668
1403,US,8349,L,3277,328,1700, ID,43.4924,-112.0496
1404,US,8349,P,2700,403,400, ID,43.4924,-112.0496
1405,US,8351,L,2930,328,1700, ID,45.9331,-116.1278
1406,US,8351,P,1136,403,400, ID,45.9331,-116.1278
1407,US,8361,L,4024,328,1700, ID,44.8978,-116.1005
1408,US,8361,P,1585,403,400, ID,44.8978,-116.1005
1409,US,8362,L,1893,328,1700, ID,44.078,-116.9382
1410,US,8362,P,1800,403,400, ID,44.078,-116.9382
1411,US,8379,N,20000,403,2200, ID,43.631400000000006,-116.25079999999998
1412,US,8379,P,6000,403,400, ID,43.631400000000006,-116.25079999999998
1413,US,8379,T,20000,403,1700, ID,43.631400000000006,-116.25079999999998
1414,US,8383,L,3825,328,1700, ID,48.289,-116.56
1415,US,8383,P,1820,403,400, ID,48.289,-116.56
1416,US,8419,D,40293,478,1100, UT,40.7145,-111.9452
1417,US,8419,N,39359,403,2200, UT,40.7145,-111.9452
1418,US,8419,P,12200,403,400, UT,40.7145,-111.9452
1419,US,8419,S,18554,403,300, UT,40.7145,-111.9452
1420,US,8419,T,60000,403,1700, UT,40.7145,-111.9452
1421,US,8429,S,3880,403,300, UT,40.7764,-111.864
1422,US,8429,T,4800,403,1700, UT,40.7764,-111.864
1424,US,8451,L,2488,328,1700, UT,38.5572,-109.53839999999998
1425,US,8451,P,1375,403,400, UT,38.5572,-109.53839999999998
1426,US,8459,L,5887,328,1700, UT,43.6008,-116.5464
1427,US,8459,P,1875,403,400, UT,43.6008,-116.5464
1428,US,8461,L,4739,328,1700, UT,39.1022,-112.2691
1429,US,8461,P,1608,403,400, UT,39.1022,-112.2691
1430,US,8471,L,2545,328,1700, UT,38.9595,-111.85970000000002
1431,US,8471,P,2325,403,400, UT,38.9595,-111.85970000000002
1432,US,8472,L,5056,328,1700, UT,37.1192,-113.5551
1433,US,8472,P,1640,403,400, UT,37.1192,-113.5551
1434,US,8509,D,128000,478,1100, AZ,33.483000000000004,-112.1255
1435,US,8509,N,128000,403,2200, AZ,33.483000000000004,-112.1255
1436,US,8509,P,16200,403,400, AZ,33.483000000000004,-112.1255
1437,US,8509,S,123999,403,300, AZ,33.483000000000004,-112.1255
1438,US,8509,T,128000,403,1700, AZ,33.483000000000004,-112.1255
1439,US,8519,S,3510,403,300, AZ,33.424,-112.0213
1440,US,8519,T,2790,403,1700, AZ,33.424,-112.0213
1441,US,8521,L,6157,328,1700, AZ,33.3838,-111.7473
1442,US,8521,P,24800,403,400, AZ,33.3838,-111.7473
1443,US,8523,L,4697,328,1700, AZ,32.894,-111.7611
1444,US,8523,P,1398,403,400, AZ,32.894,-111.7611
1445,US,8529,P,15136,403,400, AZ,33.4129,-111.9001
1446,US,8529,T,21947,403,1700, AZ,33.4129,-111.9001
1447,US,8531,L,1402,328,1700, AZ,33.4692,-112.193675
1448,US,8531,P,4858,403,400, AZ,33.4692,-112.193675
1450,US,8551,L,3145,328,1700, AZ,32.8313,-109.7139
1451,US,8551,P,1783,403,400, AZ,32.8313,-109.7139
1452,US,8552,L,3165,328,1700, AZ,34.231,-111.3338
1453,US,8552,P,1801,403,400, AZ,34.231,-111.3338
1454,US,8565,L,3353,328,1700, AZ,31.3582,-110.9521
1455,US,8565,P,2800,403,400, AZ,31.3582,-110.9521
1457,US,8579,L,3803,328,1700, AZ,32.1997,-110.9578
1458,US,8579,P,10605,403,400, AZ,32.1997,-110.9578
1459,US,8601,L,3077,328,1700, AZ,34.9237,-110.1456
1460,US,8601,P,1351,403,400, AZ,34.9237,-110.1456
1461,US,8602,L,1794,328,1700, AZ,36.9077,-111.466
1462,US,8602,P,1229,403,400, AZ,36.9077,-111.466
1463,US,8631,L,7493,328,1700, AZ,34.5702,-111.8543
1464,US,8631,P,1154,403,400, AZ,34.5702,-111.8543
1465,US,8641,L,2466,328,1700, AZ,34.4962,-114.3527
1466,US,8641,P,1780,403,400, AZ,34.4962,-114.3527
1467,US,8644,L,1987,328,1700, AZ,35.1064,-114.6148
1468,US,8644,P,1152,403,400, AZ,35.1064,-114.6148
1469,US,8701,L,2158,328,1700, NM,36.0142,-106.9647
1470,US,8701,P,1533,403,400, NM,36.0142,-106.9647
1471,US,8711,A,1089999,150,900, NM,35.1024,-106.6581
1472,US,8711,L,6287,328,1700, NM,35.1024,-106.6581
1473,US,8711,P,6000,403,400, NM,35.1024,-106.6581
1474,US,8719,D,58000,478,1100, NM,35.1239,-106.6174
1475,US,8719,N,58000,403,2200, NM,35.1239,-106.6174
1476,US,8719,P,3734,403,400, NM,35.1239,-106.6174
1477,US,8719,S,58000,403,300, NM,35.1239,-106.6174
1478,US,8719,T,58000,403,1700, NM,35.1239,-106.6174
1479,US,8729,S,1980,403,300, NM,35.0293,-106.629
1480,US,8729,T,1980,403,1700, NM,35.0293,-106.629
1481,US,8751,L,5513,328,1700, NM,36.0106,-106.0885
1482,US,8751,P,2350,403,400, NM,36.0106,-106.0885
1483,US,8771,L,3638,328,1700, NM,35.5983,-105.2253
1484,US,8771,P,1740,403,400, NM,35.5983,-105.2253
1485,US,8801,L,2577,328,1700, NM,32.7775,-108.2739
1486,US,8801,P,1770,403,400, NM,32.7775,-108.2739
1487,US,8802,L,3079,328,1700, NM,32.2697,-107.7611
1488,US,8802,P,1712,403,400, NM,32.2697,-107.7611
1489,US,8821,L,6907,328,1700, NM,32.4376,-104.2541
1490,US,8821,P,1413,403,400, NM,32.4376,-104.2541
1491,US,8822,L,2667,328,1700, NM,32.7065,-103.132
1492,US,8822,P,1500,403,400, NM,32.7065,-103.132
1493,US,8909,L,14707,328,1700, NV,36.0606,-115.1574
1494,US,8909,P,10584,403,400, NV,36.0606,-115.1574
1495,US,8919,L,12942,328,1700, NV,36.1785,-115.1607
1496,US,8919,P,10300,403,400, NV,36.1785,-115.1607
1497,US,8939,L,2068,328,1700, OR,45.3255,-118.0803
1498,US,8939,P,1845,403,400, OR,45.3255,-118.0803
1499,US,8939,S,99999,403,300, OR,45.3255,-118.0803
1500,US,8941,L,5415,328,1700, NV,39.4893,-118.8542
1501,US,8941,P,1908,403,400, NV,39.4893,-118.8542
1502,US,8941,S,95000,403,300, NV,39.4893,-118.8542
1503,US,8944,L,940000,328,1700, NV,40.9605,-117.7466
1504,US,8951,L,910000,328,1700, NV,39.4893,-118.8542
1505,US,8959,D,81000,478,1100, NV,39.5328,-119.7573
1506,US,8959,P,1019999,403,400, NV,39.5328,-119.7573
1507,US,8959,S,81000,403,300, NV,39.5328,-119.7573
1508,US,8959,T,81000,403,1700, NV,39.5328,-119.7573
1509,US,8971,L,1029999,328,1700, NV,39.5328,-119.7573
1510,US,8979,T,2040,403,1700, NV,39.5103,-119.7777
1511,US,9003,L,4409,328,1700, CA,34.0526,-118.4314
1512,US,9003,P,1700,403,400, CA,34.0526,-118.4314
1513,US,9009,P,24941,403,400, CA,34.0469,-118.2691
1514,US,9009,T,20000,403,1700, CA,34.0469,-118.2691
1515,US,9019,N,39000,403,2200, CA,34.0667,-118.2211
1516,US,9019,P,29666,403,400, CA,34.0667,-118.2211
1517,US,9019,T,39000,403,1700, CA,34.0667,-118.2211
1518,US,9029,D,135000,478,1100, CA,34.0101,-118.2052
1519,US,9029,N,135000,403,2200, CA,34.0101,-118.2052
1520,US,9029,S,49992,403,300, CA,34.0101,-118.2052
1521,US,9029,T,135000,403,1700, CA,34.0101,-118.2052
1522,US,9069,N,72000,403,2200, CA,33.8823,-118.0516
1523,US,9069,P,43978,403,400, CA,33.8823,-118.0516
1524,US,9069,T,72000,403,1700, CA,33.8823,-118.0516
1526,US,9089,P,12603,403,400, CA,33.8757,-118.3091
1527,US,9089,T,34000,403,1700, CA,33.8757,-118.3091
1528,US,9132,L,8253,328,1700, CA,34.2,-118.9238
1529,US,9132,P,11453,403,400, CA,34.2,-118.9238
1530,US,9139,N,43000,403,2200, CA,34.296,-118.41
1531,US,9139,P,17435,403,400, CA,34.296,-118.41
1532,US,9139,T,43000,403,1700, CA,34.296,-118.41
1533,US,9141,L,770000,328,1700, CA,34.1945,-118.3611
1534,US,9149,P,19903,403,400, CA,34.2138,-118.4815
1535,US,9149,T,23192,403,1700, CA,34.2138,-118.4815
1537,US,9169,D,28049,478,1100, CA,34.0484,-117.5861
1538,US,9169,M,144000,400,600, CA,34.0484,-117.5861
1539,US,9169,N,57204,403,2200, CA,34.0484,-117.5861
1540,US,9169,P,39452,403,400, CA,34.0484,-117.5861
1541,US,9169,S,38029,403,300, CA,34.0484,-117.5861
1542,US,9169,T,144000,403,1700, CA,34.0484,-117.5861
1543,US,9179,P,32632,403,400, CA,34.0648,-117.98449999999998
1544,US,9179,T,49000,403,1700, CA,34.0648,-117.98449999999998
1545,US,9209,P,15389,403,400, CA,33.1419,-117.1856
1546,US,9209,T,20000,403,1700, CA,33.1419,-117.1856
1547,US,9219,P,18403,403,400, CA,32.8291,-117.1514
1548,US,9219,T,37000,403,1700, CA,32.8291,-117.1514
1549,US,9221,L,4554,328,1700, CA,32.7926,-115.5762
1550,US,9221,P,1840,403,400, CA,32.7926,-115.5762
1551,US,9222,L,2138,328,1700, CA,33.6113,-114.6099
1552,US,9222,P,1070,403,400, CA,33.6113,-114.6099
1553,US,9223,L,5382,328,1700, CA,34.1164,-116.4576
1554,US,9223,P,2160,403,400, CA,34.1164,-116.4576
1555,US,9231,L,3726,328,1700, CA,33.7535,-117.1805
1556,US,9231,P,5330,403,400, CA,33.7535,-117.1805
1557,US,9232,L,2429,328,1700, CA,34.8832,-116.9825
1558,US,9232,P,1000,403,400, CA,34.8832,-116.9825
1559,US,9234,L,4632,328,1700, CA,34.4749,-117.2831
1560,US,9234,P,3000,403,400, CA,34.4749,-117.2831
1561,US,9259,L,10493,328,1700, CA,32.6549,-116.9684
1562,US,9259,P,19961,403,400, CA,32.6549,-116.9684
1563,US,9259,S,124999,403,300, CA,32.6549,-116.9684
1564,US,9269,P,21612,403,400, CA,33.5918,-117.7292
1565,US,9269,T,44819,403,1700, CA,33.5918,-117.7292
1566,US,9279,P,24967,403,400, CA,33.814,-117.8935
1567,US,9279,T,47435,403,1700, CA,33.814,-117.8935
1568,US,9341,L,5149,328,1700, CA,34.9187,-120.4391
1569,US,9341,P,3800,403,400, CA,34.9187,-120.4391
1570,US,9351,L,1752,328,1700, CA,35.6223,-117.6843
1571,US,9351,P,1600,403,400, CA,35.6223,-117.6843
1572,US,9352,L,3452,328,1700, CA,37.3757,-118.4541
1573,US,9352,P,840000,403,400, CA,37.3757,-118.4541
1574,US,9353,L,2592,328,1700, CA,35.0552,-118.1563
1575,US,9353,P,1675,403,400, CA,35.0552,-118.1563
1576,US,9379,P,20665,403,400, CA,36.7647,-119.8296
1577,US,9379,T,31000,403,1700, CA,36.7647,-119.8296
1578,US,9391,L,2171,328,1700, CA,36.5747,-121.8102
1579,US,9391,P,4480,403,400, CA,36.5747,-121.8102
1580,US,9409,P,25354,403,400, CA,37.4062,-121.9906
1581,US,9409,T,20000,403,1700, CA,37.4062,-121.9906
1582,US,9411,P,1149999,403,400, CA,37.7645,-122.40569999999998
1583,US,9419,P,26877,403,400, CA,37.7645,-122.4057
1584,US,9419,T,36915,403,1700, CA,37.7645,-122.4057
1585,US,9444,L,2732,328,1700, CA,38.2494,-122.2741
1586,US,9444,P,2500,403,400, CA,38.2494,-122.2741
1587,US,9449,N,29817,403,2200, CA,37.6591,-122.3825
1588,US,9449,P,11054,403,400, CA,37.6591,-122.3825
1589,US,9449,T,42987,403,1700, CA,37.6591,-122.3825
1590,US,9452,L,2259,328,1700, CA,37.9985,-122.0494
1591,US,9452,P,6080,403,400, CA,37.9985,-122.0494
1592,US,9453,L,2597,328,1700, CA,38.2094,-122.1416
1593,US,9453,P,4280,403,400, CA,38.2094,-122.1416
1594,US,9459,L,7194,328,1700, CA,37.7721,-121.9708
1595,US,9459,P,9116,403,400, CA,37.7721,-121.9708
1596,US,9469,N,35000,403,2200, CA,37.8052,-122.311
1597,US,9469,P,11516,403,400, CA,37.8052,-122.311
1598,US,9469,T,35000,403,1700, CA,37.8052,-122.311
1601,US,9479,S,15485,403,300, CA,37.7149,-122.2145
1602,US,9479,T,20066,403,1700, CA,37.7149,-122.2145
1603,US,9489,D,64000,478,1100, CA,37.9955,-122.3503
1604,US,9489,N,64000,403,2200, CA,37.9955,-122.3503
1605,US,9489,P,9706,403,400, CA,37.9955,-122.3503
1606,US,9489,T,64000,403,1700, CA,37.9955,-122.3503
1607,US,9491,P,6038,403,400, CA,38.2275,-122.5885
1608,US,9499,L,5178,328,1700, CA,38.2275,-122.5885
1609,US,9499,P,9555,403,400, CA,38.2275,-122.5885
1610,US,9519,P,12334,403,400, CA,37.3092,-121.8604
1611,US,9519,T,14024,403,1700, CA,37.3092,-121.8604
1612,US,9531,L,7025,328,1700, CA,37.2839,-120.4874
1613,US,9531,P,3075,403,400, CA,37.2839,-120.4874
1614,US,9532,L,4800,328,1700, CA,38.0511,-120.5313
1615,US,9532,P,1520,403,400, CA,38.0511,-120.5313
1616,US,9545,L,3570,328,1700, CA,39.037,-122.9302
1617,US,9545,P,1129,403,400, CA,39.037,-122.9302
1618,US,9546,L,3296,328,1700, CA,39.4072,-123.8095
1619,US,9546,P,996,403,400, CA,39.4072,-123.8095
1620,US,9549,L,5087,328,1700, CA,39.1394,-123.2023
1621,US,9549,P,1780,403,400, CA,39.1394,-123.2023
1622,US,9551,P,1099999,403,400, CA,31.35105,-93.1059
1623,US,9556,L,5770,328,1700, CA,38.5663,-121.3297
1624,US,9556,P,9300,403,400, CA,38.5663,-121.3297
1625,US,9559,L,4137,328,1700, CA,41.8014,-124.1412
1626,US,9559,P,3760,403,400, CA,41.8014,-124.1412
1627,US,9569,S,1840,403,300, CA,38.5584,-121.3089
1628,US,9569,T,2220,403,1700, CA,38.5584,-121.3089
1629,US,9571,L,6070,328,1700, CA,38.9062,-120.0112
1630,US,9571,P,1642,403,400, CA,38.9062,-120.0112
1631,US,9579,L,3907,328,1700, CA,38.7994,-121.223
1632,US,9579,P,13090,403,400, CA,38.7994,-121.223
1633,US,9589,D,31000,478,1100, CA,38.5715,-121.5462
1634,US,9589,N,31000,403,2200, CA,38.5715,-121.5462
1635,US,9589,P,9794,403,400, CA,38.5715,-121.5462
1636,US,9589,T,31000,403,1700, CA,38.5715,-121.5462
1637,US,9591,L,4583,328,1700, CA,39.7075,-121.8182
1638,US,9591,P,7125,403,400, CA,39.7075,-121.8182
1639,US,9592,L,1855,328,1700, CA,39.9273,-120.92109999999998
1640,US,9592,P,1659,403,400, CA,39.9273,-120.92109999999998
1641,US,9593,L,6390,328,1700, CA,39.2192,-121.0136
1642,US,9593,P,2025,403,400, CA,39.2192,-121.0136
1643,US,9601,L,3655,328,1700, CA,41.7113,-122.6472
1644,US,9601,P,2060,403,400, CA,41.7113,-122.6472
1645,US,9603,P,1239999,403,400, CA,31.11525,-90.407475
1646,US,9604,P,1069999,403,400, CA,31.11525,-90.407475
1647,US,9609,P,2940,403,400, CA,41.487,-120.5433
1648,US,9609,T,3994,403,1700, CA,41.487,-120.5433
1649,US,9611,P,1239999,403,400, CA,41.487,-120.5433
1650,US,9629,L,7282,328,1700, OR,42.2462,-121.7931
1651,US,9629,S,99999,403,300, OR,42.2462,-121.7931
1654,US,9683,L,2509,328,1700, HI,19.7249,-155.0886
1655,US,9683,P,1240,403,400, HI,19.7249,-155.0886
1656,US,9684,L,3410,328,1700, HI,21.9815,-159.3479
1657,US,9684,P,1010,403,400, HI,21.9815,-159.3479
1658,US,9689,N,1179999,403,2200, HI,21.3213,-157.9122
1659,US,9689,P,15027,403,400, HI,21.3213,-157.9122
1660,US,9701,L,5097,328,1700, OR,45.603,-121.1835
1661,US,9701,P,2725,403,400, OR,45.603,-121.1835
1662,US,9709,P,11394,403,400, OR,45.3791,-122.786
1663,US,9709,T,20000,403,1700, OR,45.3791,-122.786
1664,US,9711,L,2178,328,1700, OR,45.4269,-123.8083
1665,US,9711,P,1708,403,400, OR,45.4269,-123.8083
1666,US,9719,S,23625,403,300, OR,45.5841,-122.6064
1667,US,9719,T,17713,403,1700, OR,45.5841,-122.6064
1668,US,9729,D,86000,478,1100, OR,45.5714,-122.7174
1669,US,9729,L,52657,328,1700, OR,45.5714,-122.7174
1670,US,9729,M,1059999,400,600, OR,45.5714,-122.7174
1671,US,9729,N,86000,403,2200, OR,45.5714,-122.7174
1672,US,9729,P,28686,403,400, OR,45.5714,-122.7174
1673,US,9729,T,86000,403,1700, OR,45.5714,-122.7174
1674,US,9731,L,5739,328,1700, OR,44.6361,-123.0904
1675,US,9731,P,2940,403,400, OR,44.6361,-123.0904
1676,US,9732,L,4480,328,1700, OR,44.6917,-124.0612
1677,US,9732,P,1690,403,400, OR,44.6917,-124.0612
1678,US,9741,L,1139999,328,1700, OR,43.1488,-123.374
1679,US,9742,L,5071,328,1700, OR,34.73192,-99.39744
1680,US,9742,P,2450,403,400, OR,34.73192,-99.39744
1681,US,9744,L,1965,328,1700, OR,42.0423,-124.2557
1682,US,9744,P,1627,403,400, OR,42.0423,-124.2557
1683,US,9745,L,2261,328,1700, OR,44.0507,-124.0983
1684,US,9745,P,1081,403,400, OR,44.0507,-124.0983
1685,US,9749,N,20000,403,2200, OR,43.1488,-123.374
1686,US,9749,P,7200,403,400, OR,43.1488,-123.374
1687,US,9749,T,20000,403,1700, OR,43.1488,-123.374
1688,US,9751,L,5426,328,1700, OR,42.4376,-123.2882
1689,US,9751,P,2100,403,400, OR,42.4376,-123.2882
1690,US,9769,L,4108,328,1700, OR,44.0405,-123.0317
1691,US,9769,P,4920,403,400, OR,44.0405,-123.0317
1692,US,9771,L,3717,328,1700, OR,43.5907,-119.0551
1693,US,9771,P,1521,403,400, OR,43.5907,-119.0551
1694,US,9779,L,3534,328,1700, OR,44.4194,-118.9645
1695,US,9779,P,1373,403,400, OR,44.4194,-118.9645
1696,US,9779,S,116999,403,300, OR,44.4194,-118.9645
1697,US,9781,L,2460,328,1700, OR,44.7898,-117.8096
1698,US,9781,P,1718,403,400, OR,44.7898,-117.8096
1699,US,9784,L,1215,328,1700, OR,45.4181,-117.2819
1700,US,9784,P,1281,403,400, OR,45.4181,-117.2819
1701,US,9789,N,20000,403,2200, OR,45.8349,-119.3361
1702,US,9789,P,3480,403,400, OR,45.8349,-119.3361
1703,US,9789,S,1099999,403,300, OR,45.8349,-119.3361
1704,US,9789,T,20000,403,1700, OR,45.8349,-119.3361
1705,US,9799,L,6242,328,1700, OR,44.0593,-122.9886
1706,US,9799,P,2500,403,400, OR,44.0593,-122.9886
1707,US,9809,L,14085,328,1700, WA,47.4516,-122.2544
1708,US,9809,P,7920,403,400, WA,47.4516,-122.2544
1709,US,9816,L,840000,328,1700, WA,47.82040000000001,-122.192275
1710,US,9819,P,13242,403,400, WA,47.5633,-122.324
1711,US,9819,T,26219,403,1700, WA,47.5633,-122.324
1712,US,9821,L,4861,328,1700, WA,48.4555,-122.3269
1713,US,9821,P,2625,403,400, WA,48.4555,-122.3269
1714,US,9822,L,5274,328,1700, WA,48.7861,-122.4466
1715,US,9822,P,4200,403,400, WA,48.7861,-122.4466
1716,US,9823,L,4941,328,1700, WA,48.2545,-122.1374
1717,US,9823,P,2450,403,400, WA,48.2545,-122.1374
1719,US,9829,N,35000,403,2200, WA,47.6754,-122.1019
1720,US,9829,P,9047,403,400, WA,47.6754,-122.1019
1721,US,9829,T,35000,403,1700, WA,47.6754,-122.1019
1722,US,9831,L,4207,328,1700, WA,47.5545,-122.7029
1723,US,9831,P,3735,403,400, WA,47.5545,-122.7029
1724,US,9832,L,2533,328,1700, WA,48.0495,-122.82160000000002
1725,US,9832,P,1299,403,400, WA,48.0495,-122.82160000000002
1726,US,9835,P,980000,403,400, WA,48.4555,-122.3269
1727,US,9839,S,4590,403,300, WA,47.5332,-122.2983
1728,US,9839,T,4482,403,1700, WA,47.5332,-122.2983
1729,US,9849,L,3501,328,1700, WA,47.2391,-122.3623
1730,US,9849,P,9440,403,400, WA,47.2391,-122.3623
1731,US,9851,L,4243,328,1700, WA,46.9981,-123.4464
1732,US,9851,P,2575,403,400, WA,46.9981,-123.4464
1733,US,9852,L,5234,328,1700, WA,46.6124,-122.9185
1734,US,9852,P,1660,403,400, WA,46.6124,-122.9185
1735,US,9859,L,3585,328,1700, WA,47.9074,-122.2465
1736,US,9859,P,4500,403,400, WA,47.9074,-122.2465
1737,US,9859,S,950000,403,300, WA,47.9074,-122.2465
1738,US,9876,P,770000,403,400, WA,47.2553,-122.2525
1739,US,9879,L,5594,328,1700, WA,45.6703,-122.6364
1740,US,9879,P,5850,403,400, WA,45.6703,-122.6364
1741,US,9882,L,3398,328,1700, WA,48.2829,-119.7048
1742,US,9882,P,1379,403,400, WA,48.2829,-119.7048
1743,US,9889,L,5286,328,1700, WA,47.1138,-119.2965
1744,US,9889,N,20000,403,2200, WA,47.1138,-119.2965
1745,US,9889,P,1105,403,400, WA,47.1138,-119.2965
1746,US,9891,L,2820,328,1700, WA,46.9935,-120.5497
1747,US,9891,P,1144,403,400, WA,46.9935,-120.5497
1748,US,9899,L,4897,328,1700, WA,47.2553,-122.2525
1749,US,9899,P,6590,403,400, WA,47.2553,-122.2525
1750,US,9911,L,3788,328,1700, WA,48.5389,-117.9083
1751,US,9911,P,3050,403,400, WA,48.5389,-117.9083
1752,US,9913,L,2197,328,1700, WA,47.9403,-119.0054
1753,US,9913,P,1484,403,400, WA,47.9403,-119.0054
1754,US,9929,D,44000,478,1100, WA,47.6659,-117.3121
1755,US,9929,N,44000,403,2200, WA,47.6659,-117.3121
1756,US,9929,P,11801,403,400, WA,47.6659,-117.3121
1757,US,9929,S,870000,403,300, WA,47.6659,-117.3121
1758,US,9929,T,44000,403,1700, WA,47.6659,-117.3121
1759,US,9931,L,3506,328,1700, WA,46.0945,-118.2741
1760,US,9931,P,1710,403,400, WA,46.0945,-118.2741
1761,US,9939,S,780000,403,300, WA,46.563,-120.4813
1762,US,9949,S,2325,403,300, WA,47.6291,-117.5162
1763,US,9949,T,2250,403,1700, WA,47.6291,-117.5162
1764,US,9954,P,940000,403,400, AK,61.1943,-150.0046
1765,US,9961,L,2140,328,1700, AK,60.5578,-151.2568
1766,US,9961,P,1270,403,400, AK,60.5578,-151.2568
1767,US,9962,L,4628,328,1700, AK,58.3585,-134.5857
1768,US,9962,P,1800,403,400, AK,58.3585,-134.5857
1769,US,9963,P,1159999,403,400, AK,61.1943,-150.0046
1770,US,9964,L,4371,328,1700, AK,36.900533333333335,-87.78513333333332
1771,US,9964,P,1359,403,400, AK,36.900533333333335,-87.78513333333332
1772,US,9965,L,1039999,328,1700, AK,57.7652,-152.5141
1773,US,9965,P,900000,403,400, AK,57.7652,-152.5141
1778,US,9969,D,20000,478,1100, AK,61.1943,-150.0046
1779,US,9969,M,1249999,400,600, AK,61.1943,-150.0046
1780,US,9969,N,20000,403,2200, AK,61.1943,-150.0046
1781,US,9969,S,20000,403,300, AK,61.1943,-150.0046
1782,US,9969,T,20000,403,1700, AK,61.1943,-150.0046
