CC,SLIC,SORT,CAP,SPAN,STRT
PR,0089,P,69,403,400
PR,0089,T,84,403,1700
PR,0090,L,186,328,1700
PR,0090,P,100,403,400
PR,0093,L,254,328,1700
PR,0093,P,111,403,400
PR,0094,L,240,328,1700
PR,0094,P,119,403,400
PR,0095,L,240,328,1700
PR,0095,P,84,403,400
PR,0096,L,82,328,1700
PR,0096,P,124,403,400
US,0119,L,9124,328,1700
US,0119,P,9413,403,400
US,0119,S,20000,403,300
US,0120,L,4163,328,1700
US,0120,P,3900,403,400
US,0130,L,3601,328,1700
US,0130,P,2375,403,400
US,0140,L,3292,328,1700
US,0140,P,2525,403,400
US,0169,D,83000,478,1100
US,0169,N,83000,403,2200
US,0169,P,6115,403,400
US,0169,S,83000,403,300
US,0169,T,83000,403,1700
US,0170,L,4334,328,1700
US,0170,P,2500,403,400
US,0189,D,92000,478,1100
US,0189,N,92000,403,2200
US,0189,P,9032,403,400
US,0189,T,92000,403,1700
US,0199,L,7343,328,1700
US,0199,P,4632,403,400
US,0202,L,780000,328,1700
US,0209,L,15367,328,1700
US,0209,P,14768,403,400
US,0212,L,6688,328,1700
US,0212,P,8547,403,400
US,0219,L,14045,328,1700
US,0219,P,17542,403,400
US,0219,S,13500,403,300
US,0229,S,3710,403,300
US,0229,T,3657,403,1700
US,0231,L,8500,328,1700
US,0231,P,6181,403,400
US,0249,L,22215,328,1700
US,0249,P,9660,403,400
US,0250,L,2112,328,1700
US,0250,P,2900,403,400
US,0251,L,2640,328,1700
US,0251,P,3075,403,400
US,0259,L,3501,328,1700
US,0259,S,20000,403,300
US,0269,L,4084,328,1700
US,0269,S,20000,403,300
US,0270,L,3126,328,1700
US,0270,P,3124,403,400
US,0299,N,54000,403,2200
US,0299,P,26600,403,400
US,0299,T,54000,403,1700
US,0300,P,13258,403,400
US,0309,S,950000,403,300
US,0309,T,1109999,403,1700
US,0319,L,7314,328,1700
US,0319,P,14640,403,400
US,0320,L,2600,328,1700
US,0320,P,4760,403,400
US,0340,L,5464,328,1700
US,0340,P,4329,403,400
US,0350,L,1554,328,1700
US,0350,P,2480,403,400
US,0380,L,2025,328,1700
US,0380,P,7080,403,400
US,0399,L,3772,328,1700
US,0399,P,13643,403,400
US,0400,L,1951,328,1700
US,0400,P,5315,403,400
US,0419,L,14227,328,1700
US,0419,P,11900,403,400
US,0422,L,4270,328,1700
US,0422,P,10286,403,400
US,0432,L,1169999,328,1700
US,0434,L,1009999,328,1700
US,0449,L,6538,328,1700
US,0449,P,5372,403,400
US,0449,S,20000,403,300
US,0460,L,2193,328,1700
US,0460,P,3029,403,400
US,0470,L,2692,328,1700
US,0470,P,2850,403,400
US,0471,L,814,328,1700
US,0471,P,1315,403,400
US,0480,L,3167,328,1700
US,0480,P,2880,403,400
US,0490,L,3047,328,1700
US,0490,P,4458,403,400
US,0500,L,2432,328,1700
US,0500,P,3000,403,400
US,0530,L,2732,328,1700
US,0530,P,2550,403,400
US,0540,L,4239,328,1700
US,0540,P,9514,403,400
US,0560,L,2604,328,1700
US,0560,P,3240,403,400
US,0570,L,2803,328,1700
US,0570,P,2730,403,400
US,0580,L,2501,328,1700
US,0580,P,2520,403,400
US,0609,L,20972,328,1700
US,0609,N,20580,403,2200
US,0609,P,6150,403,400
US,0609,S,2850,403,300
US,0609,T,23324,403,1700
US,0619,D,34205,478,1100
US,0619,N,40000,403,2200
US,0619,P,6253,403,400
US,0619,T,40000,403,1700
US,0635,L,3158,328,1700
US,0635,P,2400,403,400
US,0647,L,3906,328,1700
US,0647,P,4840,403,400
US,0649,L,10167,328,1700
US,0649,P,9540,403,400
US,0652,L,5102,328,1700
US,0652,P,7449,403,400
US,0669,N,34000,403,2200
US,0669,P,13000,403,400
US,0669,T,34000,403,1700
US,0679,P,11001,403,400
US,0679,T,20000,403,1700
US,0680,L,7599,328,1700
US,0680,P,4680,403,400
US,0699,L,5777,328,1700
US,0699,P,11845,403,400
US,0709,D,160000,478,1100
US,0709,N,160000,403,2200
US,0709,P,19832,403,400
US,0709,T,160000,403,1700
US,0719,L,8720,328,1700
US,0719,P,7552,403,400
US,0727,L,1179999,328,1700
US,0729,S,6510,403,300
US,0729,T,7210,403,1700
US,0739,P,14880,403,400
US,0759,N,41599,403,2200
US,0759,P,20900,403,400
US,0759,T,36000,403,1700
US,0779,L,7320,328,1700
US,0779,P,11550,403,400
US,0784,L,11700,328,1700
US,0784,P,14550,403,400
US,0789,P,24800,403,400
US,0789,T,27630,403,1700
US,0799,D,77000,478,1100
US,0799,N,77000,403,2200
US,0799,P,9240,403,400
US,0799,T,77000,403,1700
US,0819,N,88000,403,2200
US,0819,P,29008,403,400
US,0819,T,88000,403,1700
US,0826,L,1109999,328,1700
US,0829,L,3893,328,1700
US,0829,P,6000,403,400
US,0839,L,1636,328,1700
US,0839,P,4040,403,400
US,0869,L,6120,328,1700
US,0869,P,11900,403,400
US,0871,L,4393,328,1700
US,0871,P,10100,403,400
US,0874,L,1119999,328,1700
US,0876,L,1199999,328,1700
US,0899,P,17323,403,400
US,0899,T,102000,403,1700
US,1000,P,880000,403,400
US,1006,P,1009999,403,400
US,1007,L,7202,328,1700
US,1007,P,9381,403,400
US,1009,N,25000,403,2200
US,1009,P,28260,403,400
US,1009,S,25000,403,300
US,1009,T,42527,403,1700
US,1011,P,1109999,403,400
US,1014,L,4507,328,1700
US,1014,P,5901,403,400
US,1017,P,810000,403,400
US,1029,L,14563,328,1700
US,1029,P,23255,403,400
US,1030,L,5729,328,1700
US,1030,P,7008,403,400
US,1049,L,9299,328,1700
US,1049,P,9844,403,400
US,1050,L,3100,328,1700
US,1050,P,9404,403,400
US,1069,L,8947,328,1700
US,1069,P,10099,403,400
US,1089,L,8149,328,1700
US,1089,P,4161,403,400
US,1090,L,4320,328,1700
US,1090,P,6168,403,400
US,1090,S,810000,403,300
US,1119,N,47000,403,2200
US,1119,P,15811,403,400
US,1119,T,47000,403,1700
US,1129,L,12103,328,1700
US,1129,P,20460,403,400
US,1149,T,1179999,403,1700
US,1159,N,48000,403,2200
US,1159,P,10836,403,400
US,1159,T,49166,403,1700
US,1170,L,20378,328,1700
US,1170,P,14445,403,400
US,1189,P,6972,403,400
US,1189,T,35687,403,1700
US,1200,L,3584,328,1700
US,1200,P,2460,403,400
US,1229,N,29000,403,2200
US,1229,P,10815,403,400
US,1229,T,29000,403,1700
US,1230,P,3120,403,400
US,1239,S,1880,403,300
US,1239,T,2320,403,1700
US,1249,L,3628,328,1700
US,1249,P,4200,403,400
US,1249,S,850000,403,300
US,1250,L,2280,328,1700
US,1250,P,1624,403,400
US,1251,L,2250,328,1700
US,1251,P,1605,403,400
US,1255,P,3693,403,400
US,1259,S,900,403,300
US,1260,L,2370,328,1700
US,1260,P,4900,403,400
US,1269,L,3888,328,1700
US,1269,P,4300,403,400
US,1270,L,3330,328,1700
US,1270,P,2625,403,400
US,1280,L,4042,328,1700
US,1280,P,3518,403,400
US,1289,P,4300,403,400
US,1289,T,20000,403,1700
US,1302,L,2834,328,1700
US,1302,P,1389,403,400
US,1319,S,2220,403,300
US,1319,T,2000,403,1700
US,1329,N,84000,403,2200
US,1329,P,6867,403,400
US,1329,T,84000,403,1700
US,1340,L,3834,328,1700
US,1340,P,2600,403,400
US,1350,L,4298,328,1700
US,1350,P,3117,403,400
US,1359,S,1099999,403,300
US,1360,L,3876,328,1700
US,1360,P,2225,403,400
US,1361,L,4167,328,1700
US,1361,P,1760,403,400
US,1380,L,4959,328,1700
US,1380,P,2280,403,400
US,1399,L,3459,328,1700
US,1399,P,2579,403,400
US,1400,L,4209,328,1700
US,1400,P,1251,403,400
US,1401,L,2806,328,1700
US,1401,P,1223,403,400
US,1410,L,3292,328,1700
US,1410,P,1473,403,400
US,1429,N,44000,403,2200
US,1429,P,8316,403,400
US,1429,S,44000,403,300
US,1429,T,44000,403,1700
US,1430,L,5209,328,1700
US,1430,P,1940,403,400
US,1439,S,2592,403,300
US,1439,T,1540,403,1700
US,1440,L,4126,328,1700
US,1440,P,3258,403,400
US,1449,L,13026,328,1700
US,1449,P,12000,403,400
US,1469,L,5796,328,1700
US,1469,P,5956,403,400
US,1470,L,5043,328,1700
US,1470,P,2260,403,400
US,1471,L,4167,328,1700
US,1471,P,2175,403,400
US,1480,L,4167,328,1700
US,1480,P,2220,403,400
US,1481,L,4251,328,1700
US,1481,P,2375,403,400
US,1482,L,4834,328,1700
US,1482,P,2220,403,400
US,1490,L,4793,328,1700
US,1490,P,2200,403,400
US,1499,S,770000,403,300
US,1500,L,4086,328,1700
US,1500,P,2400,403,400
US,1501,L,4675,328,1700
US,1501,P,1960,403,400
US,1509,A,870000,150,900
US,1509,S,4640,403,300
US,1509,T,3160,403,1700
US,1519,L,4600,328,1700
US,1519,P,11250,403,400
US,1523,L,1079999,328,1700
US,1523,P,960000,403,400
US,1529,L,13850,328,1700
US,1529,P,11250,403,400
US,1530,L,5532,328,1700
US,1530,P,2621,403,400
US,1540,L,6211,328,1700
US,1540,P,2320,403,400
US,1559,L,4003,328,1700
US,1559,P,4600,403,400
US,1569,D,136000,478,1100
US,1569,N,136000,403,2200
US,1569,P,11676,403,400
US,1569,S,136000,403,300
US,1569,T,136000,403,1700
US,1570,L,4279,328,1700
US,1570,P,1782,403,400
US,1589,L,5482,328,1700
US,1589,P,4800,403,400
US,1600,L,4438,328,1700
US,1600,P,4760,403,400
US,1610,L,5547,328,1700
US,1610,P,1948,403,400
US,1630,L,3555,328,1700
US,1630,P,1166,403,400
US,1631,L,4856,328,1700
US,1631,P,1190,403,400
US,1632,L,3661,328,1700
US,1632,P,1820,403,400
US,1649,L,5485,328,1700
US,1649,P,6260,403,400
US,1669,L,4075,328,1700
US,1669,P,2202,403,400
US,1680,L,4871,328,1700
US,1680,P,4199,403,400
US,1700,L,3074,328,1700
US,1700,P,2360,403,400
US,1709,S,1900,403,300
US,1709,T,2000,403,1700
US,1714,L,860000,328,1700
US,1719,D,83000,478,1100
US,1719,N,83000,403,2200
US,1719,P,6256,403,400
US,1719,T,83000,403,1700
US,1720,L,3344,328,1700
US,1720,P,2700,403,400
US,1730,L,4726,328,1700
US,1730,P,2040,403,400
US,1731,L,674,328,1700
US,1731,P,2400,403,400
US,1749,L,5141,328,1700
US,1749,P,4640,403,400
US,1749,S,1199999,403,300
US,1759,P,17150,403,400
US,1759,T,60000,403,1700
US,1770,L,3980,328,1700
US,1770,P,6763,403,400
US,1789,L,4006,328,1700
US,1789,P,3584,403,400
US,1790,L,2690,328,1700
US,1790,P,3100,403,400
US,1798,L,750000,328,1700
US,1819,L,21828,328,1700
US,1819,P,13851,403,400
US,1820,L,4441,328,1700
US,1820,P,2460,403,400
US,1830,L,2793,328,1700
US,1830,P,3000,403,400
US,1859,L,9415,328,1700
US,1859,P,4488,403,400
US,1869,L,7727,328,1700
US,1869,P,6375,403,400
US,1909,D,102000,478,1100
US,1909,N,102000,403,2200
US,1909,P,8631,403,400
US,1909,T,102000,403,1700
US,1919,P,10985,403,400
US,1919,T,44000,403,1700
US,1939,P,17658,403,400
US,1939,T,53000,403,1700
US,1949,D,72797,478,1100
US,1949,N,98916,403,2200
US,1949,P,13197,403,400
US,1949,T,73205,403,1700
US,1969,L,7140,328,1700
US,1969,P,8715,403,400
US,1979,L,7485,328,1700
US,1979,P,9020,403,400
US,1999,L,3107,328,1700
US,1999,P,6360,403,400
US,2019,L,17343,328,1700
US,2019,P,15026,403,400
US,2039,L,4673,328,1700
US,2039,P,11100,403,400
US,2049,L,4747,328,1700
US,2049,P,8600,403,400
US,2052,L,1089999,328,1700
US,2052,P,1159999,403,400
US,2059,L,2001,328,1700
US,2059,P,4000,403,400
US,2079,D,99000,478,1100
US,2079,N,99000,403,2200
US,2079,P,14025,403,400
US,2079,T,99000,403,1700
US,2119,L,12344,328,1700
US,2119,P,9625,403,400
US,2121,P,920000,403,400
US,2127,P,1209999,403,400
US,2129,N,75000,403,2200
US,2129,P,3306,403,400
US,2129,T,75000,403,1700
US,2139,S,800000,403,300
US,2139,T,1039999,403,1700
US,2159,L,2893,328,1700
US,2159,P,3640,403,400
US,2160,L,3858,328,1700
US,2160,P,5015,403,400
US,2169,L,5101,328,1700
US,2169,P,6914,403,400
US,2174,L,960000,328,1700
US,2179,L,8352,328,1700
US,2179,P,6360,403,400
US,2189,L,1801,328,1700
US,2189,P,2629,403,400
US,2199,L,4104,328,1700
US,2199,P,6300,403,400
US,2209,L,16236,328,1700
US,2209,P,18906,403,400
US,2229,L,7087,328,1700
US,2229,P,8900,403,400
US,2240,L,3082,328,1700
US,2240,P,5000,403,400
US,2241,L,5246,328,1700
US,2241,P,2360,403,400
US,2249,L,4616,328,1700
US,2249,P,14375,403,400
US,2260,L,4686,328,1700
US,2260,P,4920,403,400
US,2289,L,3884,328,1700
US,2289,P,6825,403,400
US,2299,S,970000,403,300
US,2309,S,1079999,403,300
US,2309,T,1209999,403,1700
US,2329,N,81000,403,2200
US,2329,P,9818,403,400
US,2329,T,81000,403,1700
US,2349,L,11727,328,1700
US,2349,P,12840,403,400
US,2350,L,6319,328,1700
US,2350,P,6050,403,400
US,2363,P,1209999,403,400
US,2369,L,5180,328,1700
US,2369,P,9000,403,400
US,2394,L,3696,328,1700
US,2394,P,2160,403,400
US,2409,N,72000,403,2200
US,2409,P,3432,403,400
US,2409,T,72000,403,1700
US,2429,P,9000,403,400
US,2429,T,20000,403,1700
US,2430,L,4872,328,1700
US,2430,P,1540,403,400
US,2440,L,4801,328,1700
US,2440,P,3515,403,400
US,2450,L,3440,328,1700
US,2450,P,3320,403,400
US,2451,L,5886,328,1700
US,2451,P,5880,403,400
US,2460,L,4424,328,1700
US,2460,P,1633,403,400
US,2470,L,5451,328,1700
US,2470,P,1520,403,400
US,2499,L,5103,328,1700
US,2499,P,1980,403,400
US,2519,S,1009999,403,300
US,2539,N,20000,403,2200
US,2539,P,6720,403,400
US,2539,T,20000,403,1700
US,2560,L,6280,328,1700
US,2560,P,1980,403,400
US,2570,L,4697,328,1700
US,2570,P,4760,403,400
US,2580,L,4235,328,1700
US,2580,P,1479,403,400
US,2589,S,800000,403,300
US,2600,L,4556,328,1700
US,2600,P,1980,403,400
US,2610,L,4271,328,1700
US,2610,P,2000,403,400
US,2620,L,4489,328,1700
US,2620,P,2000,403,400
US,2632,L,6284,328,1700
US,2632,P,1980,403,400
US,2650,L,5880,328,1700
US,2650,P,2177,403,400
US,2711,L,7692,328,1700
US,2711,P,8080,403,400
US,2721,L,4932,328,1700
US,2721,P,3960,403,400
US,2749,D,142000,478,1100
US,2749,N,142000,403,2200
US,2749,P,8640,403,400
US,2749,T,142000,403,1700
US,2751,L,1896,328,1700
US,2751,P,1860,403,400
US,2754,L,8170,328,1700
US,2754,P,4095,403,400
US,2769,N,63000,403,2200
US,2769,P,40822,403,400
US,2769,T,63000,403,1700
US,2770,L,4027,328,1700
US,2770,P,3440,403,400
US,2779,A,810000,150,900
US,2779,S,4551,403,300
US,2779,T,20000,403,1700
US,2780,L,1932,328,1700
US,2780,P,4550,403,400
US,2781,L,4686,328,1700
US,2781,P,3120,403,400
US,2782,L,4234,328,1700
US,2782,P,3390,403,400
US,2790,L,3453,328,1700
US,2790,P,2500,403,400
US,2797,L,1583,328,1700
US,2797,P,1760,403,400
US,2801,L,2583,328,1700
US,2801,P,3360,403,400
US,2802,L,4906,328,1700
US,2802,P,2000,403,400
US,2809,S,999999,403,300
US,2809,T,820000,403,1700
US,2810,L,4344,328,1700
US,2810,P,2220,403,400
US,2811,L,4110,328,1700
US,2811,P,4920,403,400
US,2814,L,4177,328,1700
US,2814,P,2600,403,400
US,2829,P,23560,403,400
US,2829,T,34000,403,1700
US,2830,L,4932,328,1700
US,2830,P,5880,403,400
US,2832,L,3288,328,1700
US,2832,P,3840,403,400
US,2834,L,3946,328,1700
US,2834,P,2275,403,400
US,2839,S,20000,403,300
US,2839,T,4680,403,1700
US,2840,L,4357,328,1700
US,2840,P,5950,403,400
US,2850,L,3124,328,1700
US,2850,P,2260,403,400
US,2851,L,4768,328,1700
US,2851,P,1880,403,400
US,2855,L,4110,328,1700
US,2855,P,2550,403,400
US,2860,L,5481,328,1700
US,2860,P,4000,403,400
US,2861,L,3636,328,1700
US,2861,P,1840,403,400
US,2862,L,2239,328,1700
US,2862,P,2025,403,400
US,2864,L,4439,328,1700
US,2864,P,1900,403,400
US,2870,L,7397,328,1700
US,2870,P,7760,403,400
US,2874,L,3535,328,1700
US,2874,P,2260,403,400
US,2889,S,950000,403,300
US,2890,L,3167,328,1700
US,2890,P,1920,403,400
US,2891,L,4959,328,1700
US,2891,P,1760,403,400
US,2910,L,4357,328,1700
US,2910,P,2380,403,400
US,2911,L,3617,328,1700
US,2911,P,2650,403,400
US,2919,A,1049999,150,900
US,2919,D,30090,478,1100
US,2919,M,850000,400,600
US,2919,S,2760,403,300
US,2919,T,760000,403,1700
US,2929,N,34000,403,2200
US,2929,P,13965,403,400
US,2929,T,34000,403,1700
US,2939,P,15894,403,400
US,2939,T,36000,403,1700
US,2940,L,2117,328,1700
US,2940,P,3760,403,400
US,2941,L,3658,328,1700
US,2941,P,6050,403,400
US,2945,P,1229999,403,400
US,2950,L,3946,328,1700
US,2950,P,4050,403,400
US,2951,L,2014,328,1700
US,2951,P,3640,403,400
US,2960,L,4808,328,1700
US,2960,P,6560,403,400
US,2961,L,4974,328,1700
US,2961,P,4960,403,400
US,2963,L,4604,328,1700
US,2963,P,3000,403,400
US,2969,T,770000,403,1700
US,2970,L,3626,328,1700
US,2970,P,1070,403,400
US,2971,L,3576,328,1700
US,2971,P,1975,403,400
US,2980,L,3617,328,1700
US,2980,P,1520,403,400
US,2990,L,3905,328,1700
US,2990,P,1720,403,400
US,2992,L,3823,328,1700
US,2992,P,3100,403,400
US,3002,P,1049999,403,400
US,3009,D,91000,478,1100
US,3009,N,91000,403,2200
US,3009,P,16051,403,400
US,3009,S,24184,403,300
US,3009,T,91000,403,1700
US,3010,L,4850,328,1700
US,3010,P,870,403,400
US,3012,L,4648,328,1700
US,3012,P,3080,403,400
US,3019,L,8276,328,1700
US,3019,P,9600,403,400
US,3020,L,4398,328,1700
US,3020,P,1920,403,400
US,3022,L,4974,328,1700
US,3022,P,1860,403,400
US,3025,L,4069,328,1700
US,3025,P,3125,403,400
US,3026,L,4357,328,1700
US,3026,P,3210,403,400
US,3029,S,7075,403,300
US,3029,T,8207,403,1700
US,3039,N,39437,403,2200
US,3039,P,14446,403,400
US,3039,T,33005,403,1700
US,3040,L,4081,328,1700
US,3040,P,1820,403,400
US,3045,L,4032,328,1700
US,3045,P,2650,403,400
US,3050,L,6349,328,1700
US,3050,P,6480,403,400
US,3052,L,4069,328,1700
US,3052,P,1960,403,400
US,3059,N,27001,403,2200
US,3059,P,8300,403,400
US,3059,T,39000,403,1700
US,3060,L,3165,328,1700
US,3060,P,3840,403,400
US,3070,L,2928,328,1700
US,3070,P,2280,403,400
US,3082,L,4023,328,1700
US,3082,P,2600,403,400
US,3090,L,4584,328,1700
US,3090,P,4500,403,400
US,3100,L,4775,328,1700
US,3100,P,1900,403,400
US,3120,L,3782,328,1700
US,3120,P,4440,403,400
US,3140,L,8984,328,1700
US,3140,P,5100,403,400
US,3150,L,3633,328,1700
US,3150,P,2500,403,400
US,3151,L,4785,328,1700
US,3151,P,2500,403,400
US,3160,L,3316,328,1700
US,3160,P,1620,403,400
US,3171,P,1199999,403,400
US,3172,L,5139,328,1700
US,3172,P,930,403,400
US,3176,L,4043,328,1700
US,3176,P,4840,403,400
US,3179,N,20000,403,2200
US,3179,P,8800,403,400
US,3179,T,20000,403,1700
US,3189,S,2461,403,300
US,3189,T,2162,403,1700
US,3190,L,8572,328,1700
US,3190,P,4600,403,400
US,3200,L,5289,328,1700
US,3200,P,2200,403,400
US,3202,L,4127,328,1700
US,3202,P,2730,403,400
US,3203,L,2387,328,1700
US,3203,P,2600,403,400
US,3204,P,1049999,403,400
US,3219,A,770000,150,900
US,3219,S,2185,403,300
US,3219,T,2553,403,1700
US,3229,D,183000,478,1100
US,3229,N,183000,403,2200
US,3229,P,10960,403,400
US,3229,S,183000,403,300
US,3229,T,183000,403,1700
US,3230,L,5173,328,1700
US,3230,P,9120,403,400
US,3240,L,5755,328,1700
US,3240,P,2900,403,400
US,3241,L,3679,328,1700
US,3241,P,1720,403,400
US,3250,L,5233,328,1700
US,3250,P,6600,403,400
US,3251,L,6407,328,1700
US,3251,P,6675,403,400
US,3260,L,6490,328,1700
US,3260,P,5580,403,400
US,3261,L,3781,328,1700
US,3261,P,5450,403,400
US,3270,L,11780,328,1700
US,3270,P,17100,403,400
US,3271,L,1695,328,1700
US,3271,P,4920,403,400
US,3279,S,2320,403,300
US,3279,T,2120,403,1700
US,3289,N,57750,403,2200
US,3289,P,6351,403,400
US,3289,T,51000,403,1700
US,3290,L,1425,328,1700
US,3290,P,1875,403,400
US,3291,L,1320,328,1700
US,3291,P,6180,403,400
US,3296,L,5272,328,1700
US,3296,P,1720,403,400
US,3299,S,3330,403,300
US,3299,T,1940,403,1700
US,3300,L,2772,328,1700
US,3300,P,2100,403,400
US,3302,L,4158,328,1700
US,3302,P,5340,403,400
US,3303,L,3315,328,1700
US,3303,P,2425,403,400
US,3306,L,17615,328,1700
US,3306,P,17572,403,400
US,3309,A,890000,150,900
US,3309,N,56000,403,2200
US,3309,P,10775,403,400
US,3309,T,59080,403,1700
US,3311,L,4072,328,1700
US,3311,P,6600,403,400
US,3326,L,20177,328,1700
US,3326,P,14526,403,400
US,3329,A,760000,150,900
US,3329,M,900000,400,600
US,3329,T,1159999,403,1700
US,3330,L,17873,328,1700
US,3330,P,16350,403,400
US,3333,L,7200,328,1700
US,3333,P,7372,403,400
US,3340,L,13346,328,1700
US,3340,P,13860,403,400
US,3343,L,3258,328,1700
US,3343,P,6050,403,400
US,3350,L,6586,328,1700
US,3350,P,5490,403,400
US,3351,L,1365,328,1700
US,3351,P,1980,403,400
US,3352,L,1155,328,1700
US,3352,P,2425,403,400
US,3355,L,1455,328,1700
US,3355,P,1960,403,400
US,3357,L,1440,328,1700
US,3357,P,3660,403,400
US,3363,L,3420,328,1700
US,3363,P,7106,403,400
US,3369,P,18240,403,400
US,3369,T,7980,403,1700
US,3379,P,10920,403,400
US,3379,T,19578,403,1700
US,3380,L,3745,328,1700
US,3380,P,4860,403,400
US,3385,L,1800,328,1700
US,3385,P,4440,403,400
US,3390,L,2315,328,1700
US,3390,P,7886,403,400
US,3391,L,4629,328,1700
US,3391,P,6150,403,400
US,3394,L,2615,328,1700
US,3394,P,8100,403,400
US,3399,S,1219999,403,300
US,3491,L,3601,328,1700
US,3491,P,4120,403,400
US,3500,L,4634,328,1700
US,3500,P,2120,403,400
US,3509,L,7259,328,1700
US,3509,P,5916,403,400
US,3529,S,1875,403,300
US,3529,T,1472,403,1700
US,3539,L,7981,328,1700
US,3539,P,6640,403,400
US,3540,L,5231,328,1700
US,3540,P,2300,403,400
US,3550,L,4887,328,1700
US,3550,P,2140,403,400
US,3560,L,4691,328,1700
US,3560,P,1560,403,400
US,3561,L,3584,328,1700
US,3561,P,2500,403,400
US,3562,L,5564,328,1700
US,3562,P,2100,403,400
US,3570,L,8525,328,1700
US,3570,P,5940,403,400
US,3571,L,4913,328,1700
US,3571,P,2180,403,400
US,3590,L,3398,328,1700
US,3590,P,1940,403,400
US,3609,N,56000,403,2200
US,3609,P,1386,403,400
US,3609,S,56000,403,300
US,3609,T,56000,403,1700
US,3620,L,3339,328,1700
US,3620,P,2180,403,400
US,3630,L,3598,328,1700
US,3630,P,2575,403,400
US,3631,L,4074,328,1700
US,3631,P,1840,403,400
US,3640,L,3791,328,1700
US,3640,P,2240,403,400
US,3650,L,4448,328,1700
US,3650,P,2380,403,400
US,3660,L,5533,328,1700
US,3660,P,7350,403,400
US,3669,S,1275,403,300
US,3669,T,936,403,1700
US,3680,L,3672,328,1700
US,3680,P,2400,403,400
US,3690,L,5422,328,1700
US,3690,P,1520,403,400
US,3701,L,5191,328,1700
US,3701,P,5391,403,400
US,3702,L,4882,328,1700
US,3702,P,1560,403,400
US,3704,L,7800,328,1700
US,3704,P,1596,403,400
US,3710,L,4514,328,1700
US,3710,P,2575,403,400
US,3711,L,3939,328,1700
US,3711,P,2875,403,400
US,3719,D,108000,478,1100
US,3719,N,108000,403,2200
US,3719,P,3053,403,400
US,3719,S,108000,403,300
US,3719,T,108000,403,1700
US,3729,P,8610,403,400
US,3729,T,27451,403,1700
US,3730,L,4374,328,1700
US,3730,P,2340,403,400
US,3731,L,5468,328,1700
US,3731,P,1820,403,400
US,3749,P,8700,403,400
US,3749,T,20000,403,1700
US,3762,L,6564,328,1700
US,3762,P,2725,403,400
US,3780,L,4106,328,1700
US,3780,P,1900,403,400
US,3782,L,4782,328,1700
US,3782,P,2460,403,400
US,3783,L,3605,328,1700
US,3783,P,1729,403,400
US,3789,S,2925,403,300
US,3789,T,3120,403,1700
US,3799,D,55000,478,1100
US,3799,N,55000,403,2200
US,3799,P,2250,403,400
US,3799,S,55000,403,300
US,3799,T,55000,403,1700
US,3800,L,5690,328,1700
US,3800,P,1307,403,400
US,3801,L,4421,328,1700
US,3801,P,1202,403,400
US,3809,P,7284,403,400
US,3809,S,1129999,403,300
US,3809,T,20000,403,1700
US,3819,P,6402,403,400
US,3819,S,20000,403,300
US,3819,T,22235,403,1700
US,3820,L,1399,328,1700
US,3820,P,1700,403,400
US,3830,L,3666,328,1700
US,3830,P,1975,403,400
US,3831,L,5202,328,1700
US,3831,P,1185,403,400
US,3834,L,1189999,328,1700
US,3839,S,1009999,403,300
US,3840,L,3776,328,1700
US,3840,P,1587,403,400
US,3841,L,4821,328,1700
US,3841,P,2180,403,400
US,3844,L,960000,328,1700
US,3849,A,850000,150,900
US,3849,D,86000,478,1100
US,3849,M,980000,400,600
US,3849,N,86000,403,2200
US,3849,P,7275,403,400
US,3849,S,114999,403,300
US,3849,T,86000,403,1700
US,3850,L,2464,328,1700
US,3850,P,2800,403,400
US,3852,L,790000,328,1700
US,3854,L,1583,328,1700
US,3854,P,2625,403,400
US,3860,L,3716,328,1700
US,3860,P,1860,403,400
US,3861,L,5372,328,1700
US,3861,P,2180,403,400
US,3862,P,760000,403,400
US,3870,L,4139,328,1700
US,3870,P,1239,403,400
US,3880,L,4560,328,1700
US,3880,P,1875,403,400
US,3881,L,4741,328,1700
US,3881,P,1203,403,400
US,3890,L,4348,328,1700
US,3890,P,1390,403,400
US,3900,L,4566,328,1700
US,3900,P,2340,403,400
US,3909,S,830000,403,300
US,3909,T,860000,403,1700
US,3910,L,5935,328,1700
US,3910,P,2975,403,400
US,3911,L,5216,328,1700
US,3911,P,2500,403,400
US,3920,P,1079999,403,400
US,3921,P,840000,403,400
US,3929,D,60000,478,1100
US,3929,N,60000,403,2200
US,3929,P,7910,403,400
US,3929,T,60000,403,1700
US,3930,L,4470,328,1700
US,3930,P,1500,403,400
US,3940,L,4478,328,1700
US,3940,P,1700,403,400
US,3941,L,3965,328,1700
US,3941,P,1437,403,400
US,3950,L,3556,328,1700
US,3950,P,4680,403,400
US,3951,L,3737,328,1700
US,3951,P,2280,403,400
US,3961,L,4376,328,1700
US,3961,P,1640,403,400
US,3970,L,4350,328,1700
US,3970,P,1940,403,400
US,4004,L,900000,328,1700
US,4005,L,910000,328,1700
US,4009,D,104120,478,1100
US,4009,N,322764,403,2200
US,4014,L,990000,328,1700
US,4017,L,1089999,328,1700
US,4022,L,4183,328,1700
US,4022,P,8250,403,400
US,4029,P,47356,403,400
US,4029,T,144000,403,1700
US,4030,L,4965,328,1700
US,4030,P,2975,403,400
US,4047,L,3456,328,1700
US,4047,P,1692,403,400
US,4059,D,73000,478,1100
US,4059,N,73000,403,2200
US,4059,P,12819,403,400
US,4059,T,73000,403,1700
US,4080,L,5749,328,1700
US,4080,P,1114,403,400
US,4096,L,5573,328,1700
US,4096,P,1580,403,400
US,4101,L,4908,328,1700
US,4101,P,4200,403,400
US,4105,L,1900,328,1700
US,4105,P,1750,403,400
US,4110,L,4178,328,1700
US,4110,P,1700,403,400
US,4113,L,1129999,328,1700
US,4116,L,990000,328,1700
US,4150,L,5532,328,1700
US,4150,P,1697,403,400
US,4160,L,4374,328,1700
US,4160,P,1353,403,400
US,4170,L,7302,328,1700
US,4170,P,2075,403,400
US,4200,L,2748,328,1700
US,4200,P,4120,403,400
US,4210,L,3908,328,1700
US,4210,P,5995,403,400
US,4217,L,1169999,328,1700
US,4224,L,3206,328,1700
US,4224,P,1900,403,400
US,4230,L,3541,328,1700
US,4230,P,4720,403,400
US,4243,L,4439,328,1700
US,4243,P,1940,403,400
US,4250,L,4425,328,1700
US,4250,P,1633,403,400
US,4271,L,3994,328,1700
US,4271,P,2100,403,400
US,4303,L,770000,328,1700
US,4305,L,3684,328,1700
US,4305,P,4214,403,400
US,4310,L,4466,328,1700
US,4310,P,2420,403,400
US,4319,P,5236,403,400
US,4319,T,37905,403,1700
US,4329,D,143000,478,1100
US,4329,N,143000,403,2200
US,4329,P,8064,403,400
US,4329,T,143000,403,1700
US,4330,L,3033,328,1700
US,4330,P,3480,403,400
US,4339,A,820000,150,900
US,4339,S,3720,403,300
US,4339,T,3030,403,1700
US,4342,L,3688,328,1700
US,4342,P,2150,403,400
US,4351,L,3458,328,1700
US,4351,P,2050,403,400
US,4369,D,143000,478,1100
US,4369,N,143000,403,2200
US,4369,P,3861,403,400
US,4369,T,143000,403,1700
US,4370,L,3398,328,1700
US,4370,P,1760,403,400
US,4390,L,3690,328,1700
US,4390,P,2020,403,400
US,4395,L,4015,328,1700
US,4395,P,1720,403,400
US,4400,L,3246,328,1700
US,4400,P,1800,403,400
US,4405,L,3586,328,1700
US,4405,P,2260,403,400
US,4409,L,21407,328,1700
US,4409,P,17150,403,400
US,4419,L,20916,328,1700
US,4419,P,5720,403,400
US,4420,P,1149999,403,400
US,4423,L,3235,328,1700
US,4423,P,2550,403,400
US,4429,N,85000,403,2200
US,4429,P,8424,403,400
US,4429,T,85000,403,1700
US,4439,L,6061,328,1700
US,4439,P,4224,403,400
US,4440,L,3989,328,1700
US,4440,P,3750,403,400
US,4449,S,1875,403,300
US,4449,T,2480,403,1700
US,4451,L,4343,328,1700
US,4451,P,2100,403,400
US,4460,L,4476,328,1700
US,4460,P,2180,403,400
US,4466,L,4357,328,1700
US,4466,P,2160,403,400
US,4479,L,5662,328,1700
US,4479,P,4410,403,400
US,4487,L,4551,328,1700
US,4487,P,2760,403,400
US,4496,L,830000,328,1700
US,4499,L,6837,328,1700
US,4499,P,7020,403,400
US,4501,L,4224,328,1700
US,4501,P,1900,403,400
US,4517,L,4697,328,1700
US,4517,P,2900,403,400
US,4519,N,74000,403,2200
US,4519,P,23792,403,400
US,4519,S,74000,403,300
US,4519,T,74000,403,1700
US,4529,P,23139,403,400
US,4529,T,38000,403,1700
US,4535,L,1575,328,1700
US,4535,P,5670,403,400
US,4539,L,19151,328,1700
US,4539,P,9540,403,400
US,4539,S,104999,403,300
US,4549,L,9103,328,1700
US,4549,P,3032,403,400
US,4550,L,1619,328,1700
US,4550,P,4386,403,400
US,4556,L,1079999,328,1700
US,4560,L,4126,328,1700
US,4560,P,2315,403,400
US,4566,L,4232,328,1700
US,4566,P,2060,403,400
US,4569,S,750000,403,300
US,4570,L,3809,328,1700
US,4570,P,1640,403,400
US,4575,L,4440,328,1700
US,4575,P,1662,403,400
US,4580,L,2032,328,1700
US,4580,P,4181,403,400
US,4581,L,4262,328,1700
US,4581,P,2025,403,400
US,4584,L,4564,328,1700
US,4584,P,2025,403,400
US,4601,L,3508,328,1700
US,4601,P,1820,403,400
US,4619,P,12824,403,400
US,4619,S,17373,403,300
US,4619,T,16217,403,1700
US,4620,P,1229999,403,400
US,4621,P,1149999,403,400
US,4624,L,2940,328,1700
US,4624,P,2400,403,400
US,4625,P,890000,403,400
US,4629,D,144000,478,1100
US,4629,N,144000,403,2200
US,4629,P,11220,403,400
US,4629,T,144000,403,1700
US,4635,L,6139,328,1700
US,4635,P,3600,403,400
US,4636,L,3680,328,1700
US,4636,P,4520,403,400
US,4650,L,4694,328,1700
US,4650,P,6741,403,400
US,4651,L,10816,328,1700
US,4651,P,5925,403,400
US,4660,L,7196,328,1700
US,4660,P,5975,403,400
US,4675,L,4884,328,1700
US,4675,P,4440,403,400
US,4679,A,760000,150,900
US,4679,S,2100,403,300
US,4679,T,1760,403,1700
US,4689,L,8505,328,1700
US,4689,P,10476,403,400
US,4690,L,2547,328,1700
US,4690,P,3800,403,400
US,4695,L,4280,328,1700
US,4695,P,1940,403,400
US,4715,L,3170,328,1700
US,4715,P,4840,403,400
US,4720,L,3807,328,1700
US,4720,P,1600,403,400
US,4724,L,4143,328,1700
US,4724,P,1580,403,400
US,4730,L,5592,328,1700
US,4730,P,7411,403,400
US,4737,L,2833,328,1700
US,4737,P,1920,403,400
US,4740,L,5057,328,1700
US,4740,P,4650,403,400
US,4750,L,5360,328,1700
US,4750,P,1683,403,400
US,4754,L,3315,328,1700
US,4754,P,1283,403,400
US,4770,L,5496,328,1700
US,4770,P,5740,403,400
US,4780,L,5504,328,1700
US,4780,P,2025,403,400
US,4790,L,3600,328,1700
US,4790,P,4950,403,400
US,4793,L,2866,328,1700
US,4793,P,1660,403,400
US,4805,L,7018,328,1700
US,4805,P,6450,403,400
US,4806,L,3232,328,1700
US,4806,P,2075,403,400
US,4809,P,19800,403,400
US,4809,T,43999,403,1700
US,4810,L,6364,328,1700
US,4810,P,4387,403,400
US,4813,L,3151,328,1700
US,4813,P,6380,403,400
US,4820,L,1901,328,1700
US,4820,P,3000,403,400
US,4822,L,14192,328,1700
US,4822,P,8400,403,400
US,4829,N,45805,403,2200
US,4829,P,4206,403,400
US,4829,T,42948,403,1700
US,4830,L,9986,328,1700
US,4830,P,6160,403,400
US,4835,L,4559,328,1700
US,4835,P,3750,403,400
US,4849,A,1129999,150,900
US,4849,S,3831,403,300
US,4849,T,4025,403,1700
US,4850,L,4260,328,1700
US,4850,P,8190,403,400
US,4860,L,3802,328,1700
US,4860,P,8480,403,400
US,4866,L,3969,328,1700
US,4866,P,1980,403,400
US,4872,L,3476,328,1700
US,4872,P,1700,403,400
US,4885,L,2831,328,1700
US,4885,P,5300,403,400
US,4889,S,850000,403,300
US,4890,L,5417,328,1700
US,4890,P,8500,403,400
US,4899,S,103999,403,300
US,4899,T,1069999,403,1700
US,4901,L,6622,328,1700
US,4901,P,7275,403,400
US,4902,L,5349,328,1700
US,4902,P,8100,403,400
US,4909,L,10399,328,1700
US,4909,N,20000,403,2200
US,4909,P,8325,403,400
US,4920,L,3559,328,1700
US,4920,P,3660,403,400
US,4922,L,2572,328,1700
US,4922,P,1975,403,400
US,4930,L,3909,328,1700
US,4930,P,2200,403,400
US,4943,L,4312,328,1700
US,4943,P,2450,403,400
US,4944,L,5347,328,1700
US,4944,P,9375,403,400
US,4949,S,830000,403,300
US,4959,N,54000,403,2200
US,4959,P,16000,403,400
US,4959,T,54000,403,1700
US,4960,L,3107,328,1700
US,4960,P,2375,403,400
US,4961,L,3579,328,1700
US,4961,P,6050,403,400
US,4970,L,3702,328,1700
US,4970,P,2220,403,400
US,4971,L,3495,328,1700
US,4971,P,2750,403,400
US,4972,L,3450,328,1700
US,4972,P,2000,403,400
US,4977,L,3011,328,1700
US,4977,P,1800,403,400
US,4980,L,4160,328,1700
US,4980,P,3050,403,400
US,4985,L,5481,328,1700
US,4985,P,1560,403,400
US,4989,L,1059999,328,1700
US,4989,N,20000,403,2200
US,4989,P,2240,403,400
US,4992,L,4833,328,1700
US,4992,P,2925,403,400
US,4993,L,3258,328,1700
US,4993,P,3100,403,400
US,5000,L,5084,328,1700
US,5000,P,1720,403,400
US,5001,L,3334,328,1700
US,5001,P,1558,403,400
US,5010,L,4834,328,1700
US,5010,P,2400,403,400
US,5011,L,4584,328,1700
US,5011,P,2020,403,400
US,5021,P,1209999,403,400
US,5029,A,1069999,150,900
US,5029,T,2730,403,1700
US,5030,P,1169999,403,400
US,5039,D,26210,478,1100
US,5039,N,52000,403,2200
US,5039,P,10809,403,400
US,5039,T,52000,403,1700
US,5040,L,4709,328,1700
US,5040,P,1580,403,400
US,5050,L,4251,328,1700
US,5050,P,1940,403,400
US,5070,L,3626,328,1700
US,5070,P,3320,403,400
US,5080,L,3584,328,1700
US,5080,P,1465,403,400
US,5110,L,760000,328,1700
US,5119,P,3480,403,400
US,5130,L,4959,328,1700
US,5130,P,3125,403,400
US,5140,L,4334,328,1700
US,5140,P,2800,403,400
US,5200,L,3209,328,1700
US,5200,P,3667,403,400
US,5210,L,3959,328,1700
US,5210,P,2380,403,400
US,5220,L,5001,328,1700
US,5220,P,4148,403,400
US,5240,L,3501,328,1700
US,5240,P,7020,403,400
US,5249,A,1049999,150,900
US,5249,S,6480,403,300
US,5249,T,3630,403,1700
US,5250,L,4167,328,1700
US,5250,P,1780,403,400
US,5255,L,3709,328,1700
US,5255,P,2160,403,400
US,5260,L,3292,328,1700
US,5260,P,1820,403,400
US,5289,N,29000,403,2200
US,5289,P,13365,403,400
US,5289,T,29000,403,1700
US,5300,L,3643,328,1700
US,5300,P,4400,403,400
US,5301,L,4000,328,1700
US,5301,P,3960,403,400
US,5319,D,76000,478,1100
US,5319,N,76000,403,2200
US,5319,P,4077,403,400
US,5319,T,76000,403,1700
US,5329,P,21673,403,400
US,5329,T,31022,403,1700
US,5339,S,2825,403,300
US,5339,T,1950,403,1700
US,5340,L,5327,328,1700
US,5340,P,4240,403,400
US,5354,L,3690,328,1700
US,5354,P,4334,403,400
US,5370,L,4846,328,1700
US,5370,P,7020,403,400
US,5371,L,6750,328,1700
US,5371,P,9663,403,400
US,5380,L,3125,328,1700
US,5380,P,2300,403,400
US,5384,L,840000,328,1700
US,5390,L,4100,328,1700
US,5390,P,2000,403,400
US,5394,L,1109999,328,1700
US,5414,L,3020,328,1700
US,5414,P,1520,403,400
US,5430,L,7188,328,1700
US,5430,P,4920,403,400
US,5431,L,4480,328,1700
US,5431,P,3050,403,400
US,5440,L,4600,328,1700
US,5440,P,7260,403,400
US,5449,L,9418,328,1700
US,5449,N,20000,403,2200
US,5449,P,4590,403,400
US,5449,S,930000,403,300
US,5450,L,3750,328,1700
US,5450,P,1600,403,400
US,5460,L,4501,328,1700
US,5460,P,4500,403,400
US,5470,L,2273,328,1700
US,5470,P,3640,403,400
US,5471,L,3944,328,1700
US,5471,P,2825,403,400
US,5479,S,1029999,403,300
US,5486,L,3183,328,1700
US,5486,P,1680,403,400
US,5490,L,8036,328,1700
US,5490,P,10080,403,400
US,5501,L,4882,328,1700
US,5501,P,1305,403,400
US,5502,L,988,328,1700
US,5502,P,1339,403,400
US,5504,L,6447,328,1700
US,5504,P,1515,403,400
US,5519,N,95000,403,2200
US,5519,P,6552,403,400
US,5519,T,95000,403,1700
US,5529,S,8534,403,300
US,5529,T,12148,403,1700
US,5530,L,6414,328,1700
US,5530,P,2120,403,400
US,5534,L,3212,328,1700
US,5534,P,2940,403,400
US,5540,P,1019999,403,400
US,5549,N,80000,403,2200
US,5549,P,9408,403,400
US,5549,T,80000,403,1700
US,5570,L,5951,328,1700
US,5570,P,1429,403,400
US,5571,L,5357,328,1700
US,5571,P,1960,403,400
US,5580,L,2768,328,1700
US,5580,P,3180,403,400
US,5590,L,1894,328,1700
US,5590,P,5168,403,400
US,5591,L,4791,328,1700
US,5591,P,1560,403,400
US,5592,L,6692,328,1700
US,5592,P,1182,403,400
US,5599,P,101999,403,400
US,5599,T,39938,403,1700
US,5600,L,6492,328,1700
US,5600,P,2850,403,400
US,5601,L,5015,328,1700
US,5601,P,1565,403,400
US,5610,L,3609,328,1700
US,5610,P,2120,403,400
US,5620,L,3807,328,1700
US,5620,P,3125,403,400
US,5621,L,5524,328,1700
US,5621,P,1800,403,400
US,5622,L,3515,328,1700
US,5622,P,1247,403,400
US,5630,L,9116,328,1700
US,5630,P,3359,403,400
US,5640,L,5515,328,1700
US,5640,P,2160,403,400
US,5641,L,1569,328,1700
US,5641,P,1163,403,400
US,5651,L,5668,328,1700
US,5651,P,1500,403,400
US,5652,L,4328,328,1700
US,5652,P,2040,403,400
US,5653,L,5015,328,1700
US,5653,P,1580,403,400
US,5660,L,4364,328,1700
US,5660,P,1501,403,400
US,5661,L,780,328,1700
US,5661,P,1415,403,400
US,5670,L,13826,328,1700
US,5670,P,1820,403,400
US,5700,L,1960,328,1700
US,5700,P,1480,403,400
US,5701,L,1940,328,1700
US,5701,P,1480,403,400
US,5709,S,1179999,403,300
US,5709,T,870000,403,1700
US,5719,D,20000,478,1100
US,5719,N,20000,403,2200
US,5719,P,4520,403,400
US,5719,T,20000,403,1700
US,5720,L,3440,328,1700
US,5720,P,2180,403,400
US,5730,L,4240,328,1700
US,5730,P,1280,403,400
US,5733,L,2000,328,1700
US,5733,P,1480,403,400
US,5740,L,4320,328,1700
US,5740,P,1040,403,400
US,5750,L,2220,328,1700
US,5750,P,1667,403,400
US,5753,L,2020,328,1700
US,5753,P,1080,403,400
US,5760,L,1780,328,1700
US,5760,P,1134,403,400
US,5770,L,4040,328,1700
US,5770,P,2180,403,400
US,5770,S,110999,403,300
US,5771,L,2440,328,1700
US,5771,P,1573,403,400
US,5819,N,20000,403,2200
US,5819,P,3720,403,400
US,5819,T,20000,403,1700
US,5820,L,4320,328,1700
US,5820,P,1980,403,400
US,5829,S,770000,403,300
US,5830,L,2200,328,1700
US,5830,P,1560,403,400
US,5840,L,3880,328,1700
US,5840,P,1333,403,400
US,5850,L,810000,328,1700
US,5859,N,20000,403,2200
US,5859,P,2400,403,400
US,5859,S,810000,403,300
US,5860,L,5000,328,1700
US,5860,P,1134,403,400
US,5870,L,4960,328,1700
US,5870,P,1107,403,400
US,5870,S,790000,403,300
US,5880,L,3160,328,1700
US,5880,P,1240,403,400
US,5919,D,20000,478,1100
US,5919,P,4760,403,400
US,5919,T,20000,403,1700
US,5920,L,2581,328,1700
US,5920,P,1683,403,400
US,5929,S,2460,403,300
US,5929,T,2000,403,1700
US,5930,L,2167,328,1700
US,5930,P,1577,403,400
US,5931,L,2310,328,1700
US,5931,P,1273,403,400
US,5940,L,4025,328,1700
US,5940,P,1133,403,400
US,5941,L,2144,328,1700
US,5941,P,1730,403,400
US,5942,L,1543,328,1700
US,5942,P,992,403,400
US,5950,L,2932,328,1700
US,5950,P,1497,403,400
US,5969,L,840000,328,1700
US,5969,N,20000,403,2200
US,5969,P,5640,403,400
US,5970,L,4906,328,1700
US,5970,P,1110,403,400
US,5971,L,5438,328,1700
US,5971,P,2500,403,400
US,5979,S,920000,403,300
US,5980,L,4719,328,1700
US,5980,P,4960,403,400
US,5989,S,1079999,403,300
US,5990,L,4306,328,1700
US,5990,P,2922,403,400
US,5991,L,2284,328,1700
US,5991,P,1662,403,400
US,6000,L,2553,328,1700
US,6000,P,5340,403,400
US,6009,P,13336,403,400
US,6009,T,38680,403,1700
US,6011,L,4501,328,1700
US,6011,P,2460,403,400
US,6019,P,13034,403,400
US,6019,T,46801,403,1700
US,6029,P,30707,403,400
US,6029,T,76869,403,1700
US,6039,N,91813,403,2200
US,6039,P,25922,403,400
US,6039,T,89000,403,1700
US,6041,L,5948,328,1700
US,6041,P,8000,403,400
US,6043,L,1747,328,1700
US,6043,P,5015,403,400
US,6049,P,13067,403,400
US,6049,T,75251,403,1700
US,6051,L,3102,328,1700
US,6051,P,5280,403,400
US,6059,D,295000,478,1100
US,6059,N,295000,403,2200
US,6059,S,295000,403,300
US,6059,T,295000,403,1700
US,6063,P,920000,403,400
US,6067,P,1109999,403,400
US,6069,P,19713,403,400
US,6069,S,52888,403,300
US,6069,T,58556,403,1700
US,6089,S,6660,403,300
US,6089,T,6667,403,1700
US,6090,L,3302,328,1700
US,6090,P,1232,403,400
US,6100,L,3516,328,1700
US,6100,P,1692,403,400
US,6103,L,5527,328,1700
US,6103,P,1404,403,400
US,6104,P,870000,403,400
US,6119,N,135023,403,2200
US,6119,P,10189,403,400
US,6119,S,999999,403,300
US,6119,T,30033,403,1700
US,6126,L,2550,328,1700
US,6126,P,3920,403,400
US,6135,L,4292,328,1700
US,6135,P,4800,403,400
US,6140,L,5904,328,1700
US,6140,P,3360,403,400
US,6160,L,5648,328,1700
US,6160,P,6480,403,400
US,6169,S,3690,403,300
US,6169,T,2730,403,1700
US,6170,L,9382,328,1700
US,6170,P,4480,403,400
US,6182,L,5001,328,1700
US,6182,P,4880,403,400
US,6183,L,5136,328,1700
US,6183,P,1261,403,400
US,6193,L,4250,328,1700
US,6193,P,1840,403,400
US,6195,L,1019999,328,1700
US,6200,L,3307,328,1700
US,6200,P,5200,403,400
US,6206,L,1239999,328,1700
US,6220,L,5850,328,1700
US,6220,P,3120,403,400
US,6230,L,4500,328,1700
US,6230,P,1425,403,400
US,6245,L,2813,328,1700
US,6245,P,1746,403,400
US,6252,L,6445,328,1700
US,6252,P,2420,403,400
US,6259,N,20000,403,2200
US,6265,L,2813,328,1700
US,6265,P,1372,403,400
US,6270,L,7274,328,1700
US,6270,P,7020,403,400
US,6280,L,5316,328,1700
US,6280,P,2020,403,400
US,6290,L,3465,328,1700
US,6290,P,2310,403,400
US,6300,L,3959,328,1700
US,6300,P,1560,403,400
US,6302,L,5084,328,1700
US,6302,P,1751,403,400
US,6309,N,100000,403,2200
US,6309,P,120999,403,400
US,6309,S,100000,403,300
US,6309,T,100000,403,1700
US,6319,P,7004,403,400
US,6319,T,20000,403,1700
US,6329,S,2460,403,300
US,6329,T,2490,403,1700
US,6330,L,2438,328,1700
US,6330,P,1594,403,400
US,6331,L,790000,328,1700
US,6340,L,2862,328,1700
US,6340,P,1667,403,400
US,6350,L,3459,328,1700
US,6350,P,2460,403,400
US,6360,L,3542,328,1700
US,6360,P,2160,403,400
US,6370,L,4834,328,1700
US,6370,P,2440,403,400
US,6380,L,3626,328,1700
US,6380,P,1875,403,400
US,6381,L,2042,328,1700
US,6381,P,1530,403,400
US,6390,L,4293,328,1700
US,6390,P,1544,403,400
US,6400,L,2167,328,1700
US,6400,P,1665,403,400
US,6419,P,8634,403,400
US,6419,T,29000,403,1700
US,6429,S,940000,403,300
US,6429,T,860000,403,1700
US,6450,L,4501,328,1700
US,6450,P,2060,403,400
US,6460,L,5043,328,1700
US,6460,P,1840,403,400
US,6463,L,1239999,328,1700
US,6470,L,4418,328,1700
US,6470,P,2160,403,400
US,6489,L,3959,328,1700
US,6489,N,4732,403,2200
US,6489,P,4974,403,400
US,6500,L,4918,328,1700
US,6500,P,1680,403,400
US,6510,L,4042,328,1700
US,6510,P,2360,403,400
US,6529,P,10640,403,400
US,6529,T,20000,403,1700
US,6530,L,3209,328,1700
US,6530,P,2950,403,400
US,6540,L,4709,328,1700
US,6540,P,1760,403,400
US,6559,P,1189999,403,400
US,6559,S,2240,403,300
US,6559,T,1820,403,1700
US,6560,P,1019999,403,400
US,6561,L,4084,328,1700
US,6561,P,2925,403,400
US,6570,L,3501,328,1700
US,6570,P,1680,403,400
US,6589,L,6720,328,1700
US,6589,P,5040,403,400
US,6589,S,890000,403,300
US,6600,L,4809,328,1700
US,6600,P,760000,403,400
US,6601,L,4727,328,1700
US,6601,P,2460,403,400
US,6609,S,900000,403,300
US,6629,D,147000,478,1100
US,6629,N,147000,403,2200
US,6629,P,9706,403,400
US,6629,S,147000,403,300
US,6629,T,147000,403,1700
US,6650,L,5097,328,1700
US,6650,P,790000,403,400
US,6660,L,3247,328,1700
US,6660,P,8302,403,400
US,6670,L,4316,328,1700
US,6670,P,1960,403,400
US,6671,L,3412,328,1700
US,6671,P,2325,403,400
US,6680,L,2282,328,1700
US,6680,P,1384,403,400
US,6719,S,1169999,403,300
US,6719,T,860000,403,1700
US,6729,N,8546,403,2200
US,6729,P,103999,403,400
US,6729,T,20000,403,1700
US,6749,N,20000,403,2200
US,6749,P,6356,403,400
US,6749,T,20000,403,1700
US,6750,L,5097,328,1700
US,6750,P,1620,403,400
US,6751,L,4850,328,1700
US,6751,P,2040,403,400
US,6760,L,4618,328,1700
US,6760,P,1820,403,400
US,6770,L,3247,328,1700
US,6770,P,2300,403,400
US,6780,L,3823,328,1700
US,6780,P,1247,403,400
US,6781,L,4167,328,1700
US,6781,P,1880,403,400
US,6819,N,53000,403,2200
US,6819,P,40850,403,400
US,6819,S,26667,403,300
US,6819,T,53000,403,1700
US,6830,L,1980,328,1700
US,6830,P,1373,403,400
US,6842,L,2280,328,1700
US,6842,P,1653,403,400
US,6850,L,8160,328,1700
US,6850,P,10500,403,400
US,6860,L,4480,328,1700
US,6860,P,1500,403,400
US,6870,L,4600,328,1700
US,6870,P,2260,403,400
US,6871,L,1620,328,1700
US,6871,P,1280,403,400
US,6879,S,1880,403,300
US,6879,T,1290,403,1700
US,6880,L,4040,328,1700
US,6880,P,2180,403,400
US,6881,L,4960,328,1700
US,6881,P,2040,403,400
US,6882,L,2020,328,1700
US,6882,P,1440,403,400
US,6889,S,1019999,403,300
US,6890,L,4040,328,1700
US,6890,P,1520,403,400
US,6900,L,3400,328,1700
US,6900,P,1107,403,400
US,6911,L,1840,328,1700
US,6911,P,1240,403,400
US,6919,N,20000,403,2200
US,6919,P,2260,403,400
US,6919,T,20000,403,1700
US,6930,L,1500,328,1700
US,6930,P,1520,403,400
US,6931,L,2140,328,1700
US,6931,P,1520,403,400
US,7009,T,960,403,1700
US,7019,N,41000,403,2200
US,7019,P,3551,403,400
US,7019,T,41000,403,1700
US,7020,L,4645,328,1700
US,7020,P,3288,403,400
US,7030,L,4727,328,1700
US,7030,P,2650,403,400
US,7031,L,3124,328,1700
US,7031,P,2150,403,400
US,7040,L,4152,328,1700
US,7040,P,3240,403,400
US,7045,L,4275,328,1700
US,7045,P,2040,403,400
US,7049,L,4275,328,1700
US,7049,P,5040,403,400
US,7050,L,4234,328,1700
US,7050,P,4640,403,400
US,7051,L,3864,328,1700
US,7051,P,1425,403,400
US,7052,L,4110,328,1700
US,7052,P,1425,403,400
US,7059,S,910000,403,300
US,7059,T,1019999,403,1700
US,7069,L,3288,328,1700
US,7069,N,20000,403,2200
US,7069,P,6000,403,400
US,7080,L,3165,328,1700
US,7080,P,2000,403,400
US,7089,L,3151,328,1700
US,7089,P,6480,403,400
US,7109,T,1139999,403,1700
US,7119,N,20000,403,2200
US,7119,P,5700,403,400
US,7119,T,20000,403,1700
US,7120,L,4316,328,1700
US,7120,P,2375,403,400
US,7122,L,1665,328,1700
US,7122,P,1370,403,400
US,7123,L,3699,328,1700
US,7123,P,1302,403,400
US,7130,L,3124,328,1700
US,7130,P,4650,403,400
US,7140,L,1994,328,1700
US,7140,P,1425,403,400
US,7149,S,1239999,403,300
US,7160,L,5015,328,1700
US,7160,P,2160,403,400
US,7161,L,3741,328,1700
US,7161,P,1507,403,400
US,7170,L,2138,328,1700
US,7170,P,1206,403,400
US,7171,L,2076,328,1700
US,7171,P,1439,403,400
US,7180,L,4768,328,1700
US,7180,P,3720,403,400
US,7189,P,1119999,403,400
US,7190,L,5138,328,1700
US,7190,P,2040,403,400
US,7191,L,1542,328,1700
US,7191,P,1549,403,400
US,7192,P,900000,403,400
US,7200,L,3083,328,1700
US,7200,P,1083,403,400
US,7209,M,750000,400,600
US,7209,S,4050,403,300
US,7209,T,3900,403,1700
US,7210,L,3247,328,1700
US,7210,P,2080,403,400
US,7229,N,76000,403,2200
US,7229,P,30914,403,400
US,7229,T,76000,403,1700
US,7230,L,4686,328,1700
US,7230,P,1288,403,400
US,7231,L,2055,328,1700
US,7231,P,1412,403,400
US,7240,L,3494,328,1700
US,7240,P,2000,403,400
US,7241,L,2240,328,1700
US,7241,P,1617,403,400
US,7250,L,4563,328,1700
US,7250,P,1549,403,400
US,7260,L,3124,328,1700
US,7260,P,1980,403,400
US,7263,L,2528,328,1700
US,7263,P,1699,403,400
US,7270,L,9500,328,1700
US,7270,P,11500,403,400
US,7280,L,4028,328,1700
US,7280,P,3025,403,400
US,7290,L,4727,328,1700
US,7290,P,3150,403,400
US,7309,S,831,403,300
US,7309,T,613,403,1700
US,7319,A,1189999,150,900
US,7319,N,88000,403,2200
US,7319,P,11304,403,400
US,7319,S,88000,403,300
US,7319,T,88000,403,1700
US,7340,L,3509,328,1700
US,7340,P,1840,403,400
US,7350,L,3293,328,1700
US,7350,P,2340,403,400
US,7351,L,3135,328,1700
US,7351,P,1486,403,400
US,7360,L,5092,328,1700
US,7360,P,1700,403,400
US,7369,S,1009999,403,300
US,7370,L,5167,328,1700
US,7370,P,2500,403,400
US,7380,L,7250,328,1700
US,7380,P,2480,403,400
US,7390,L,3407,328,1700
US,7390,P,1345,403,400
US,7401,L,5943,328,1700
US,7401,P,1535,403,400
US,7409,S,1009,403,300
US,7409,T,624,403,1700
US,7419,P,12652,403,400
US,7419,T,20000,403,1700
US,7430,L,4431,328,1700
US,7430,P,2060,403,400
US,7440,L,3985,328,1700
US,7440,P,1520,403,400
US,7450,L,4403,328,1700
US,7450,P,1500,403,400
US,7460,L,5163,328,1700
US,7460,P,1055,403,400
US,7470,L,2560,328,1700
US,7470,P,1394,403,400
US,7479,S,1059999,403,300
US,7480,L,5077,328,1700
US,7480,P,2650,403,400
US,7492,L,2061,328,1700
US,7492,P,1679,403,400
US,7502,L,4384,328,1700
US,7502,P,2900,403,400
US,7511,P,1069999,403,400
US,7519,D,91000,478,1100
US,7519,N,91000,403,2200
US,7519,P,9068,403,400
US,7519,T,91000,403,1700
US,7523,P,870000,403,400
US,7526,P,940000,403,400
US,7529,N,97000,403,2200
US,7529,P,15056,403,400
US,7529,T,97000,403,1700
US,7539,S,1119999,403,300
US,7540,L,3381,328,1700
US,7540,P,2875,403,400
US,7560,L,5737,328,1700
US,7560,P,6461,403,400
US,7570,L,1934,328,1700
US,7570,P,6512,403,400
US,7580,L,4280,328,1700
US,7580,P,2475,403,400
US,7590,L,1686,328,1700
US,7590,P,3630,403,400
US,7600,L,2389,328,1700
US,7600,P,3280,403,400
US,7601,L,2946,328,1700
US,7601,P,1680,403,400
US,7619,P,17010,403,400
US,7619,T,28000,403,1700
US,7620,L,5817,328,1700
US,7620,P,5040,403,400
US,7631,L,2206,328,1700
US,7631,P,1365,403,400
US,7639,L,4891,328,1700
US,7639,N,108999,403,2200
US,7639,P,2425,403,400
US,7645,L,980000,328,1700
US,7649,D,28819,478,1100
US,7649,P,10920,403,400
US,7649,S,18440,403,300
US,7649,T,37959,403,1700
US,7652,L,3042,328,1700
US,7652,P,3840,403,400
US,7669,S,1695,403,300
US,7669,T,1260,403,1700
US,7670,L,2988,328,1700
US,7670,P,4080,403,400
US,7680,L,4069,328,1700
US,7680,P,2275,403,400
US,7690,L,3905,328,1700
US,7690,P,2625,403,400
US,7709,N,60000,403,2200
US,7709,P,12654,403,400
US,7709,S,60000,403,300
US,7709,T,60000,403,1700
US,7724,L,11656,328,1700
US,7724,P,11865,403,400
US,7729,A,1059999,150,900
US,7729,M,1119999,400,600
US,7729,S,1800,403,300
US,7729,T,5400,403,1700
US,7730,L,4275,328,1700
US,7730,P,3160,403,400
US,7749,P,24797,403,400
US,7749,T,33000,403,1700
US,7750,L,3371,328,1700
US,7750,P,2040,403,400
US,7752,L,3946,328,1700
US,7752,P,2150,403,400
US,7753,L,3494,328,1700
US,7753,P,1800,403,400
US,7756,L,2425,328,1700
US,7756,P,4280,403,400
US,7759,L,10740,328,1700
US,7759,P,13480,403,400
US,7760,L,3946,328,1700
US,7760,P,1540,403,400
US,7770,L,3247,328,1700
US,7770,P,4800,403,400
US,7780,L,5015,328,1700
US,7780,P,1780,403,400
US,7790,L,4809,328,1700
US,7790,P,2340,403,400
US,7800,L,3576,328,1700
US,7800,P,2760,403,400
US,7801,L,3864,328,1700
US,7801,P,1960,403,400
US,7805,L,2117,328,1700
US,7805,P,1605,403,400
US,7811,L,2425,328,1700
US,7811,P,1288,403,400
US,7821,L,4152,328,1700
US,7821,P,2400,403,400
US,7829,N,38000,403,2200
US,7829,P,17325,403,400
US,7829,S,38000,403,300
US,7829,T,38000,403,1700
US,7849,L,3083,328,1700
US,7849,N,20000,403,2200
US,7849,P,8082,403,400
US,7850,L,4932,328,1700
US,7850,P,1124,403,400
US,7851,L,2710,328,1700
US,7851,P,6128,403,400
US,7852,L,3247,328,1700
US,7852,P,2575,403,400
US,7859,S,1215,403,300
US,7859,T,1155,403,1700
US,7860,L,3124,328,1700
US,7860,P,1780,403,400
US,7879,P,15840,403,400
US,7879,S,114999,403,300
US,7879,T,38000,403,1700
US,7880,L,1583,328,1700
US,7880,P,1343,403,400
US,7882,L,2158,328,1700
US,7882,P,1425,403,400
US,7884,L,1871,328,1700
US,7884,P,1124,403,400
US,7900,L,5436,328,1700
US,7900,P,1940,403,400
US,7901,L,7864,328,1700
US,7901,P,1605,403,400
US,7919,M,1089999,400,600
US,7919,S,1305,403,300
US,7919,T,890000,403,1700
US,7939,L,3604,328,1700
US,7939,P,5678,403,400
US,7939,S,1239999,403,300
US,7940,L,8670,328,1700
US,7940,P,6532,403,400
US,7959,S,1049999,403,300
US,7960,L,4197,328,1700
US,7960,P,3520,403,400
US,7976,L,3165,328,1700
US,7976,P,1110,403,400
US,7979,L,4069,328,1700
US,7979,P,2350,403,400
US,7979,S,870000,403,300
US,7980,L,2076,328,1700
US,7980,P,1083,403,400
US,7999,P,8470,403,400
US,7999,T,20000,403,1700
US,8010,L,23869,328,1700
US,8010,P,9840,403,400
US,8029,N,154000,403,2200
US,8029,P,16001,403,400
US,8029,S,154000,403,300
US,8029,T,154000,403,1700
US,8030,L,5143,328,1700
US,8030,P,2160,403,400
US,8039,S,9180,403,300
US,8039,T,13750,403,1700
US,8040,L,6742,328,1700
US,8040,P,1840,403,400
US,8046,L,4022,328,1700
US,8046,P,1868,403,400
US,8050,L,5880,328,1700
US,8050,P,4900,403,400
US,8057,L,5097,328,1700
US,8057,P,4200,403,400
US,8063,L,5335,328,1700
US,8063,P,1800,403,400
US,8070,L,6074,328,1700
US,8070,P,1640,403,400
US,8080,L,2043,328,1700
US,8080,P,1320,403,400
US,8095,L,14143,328,1700
US,8095,P,6880,403,400
US,8101,L,2356,328,1700
US,8101,P,1425,403,400
US,8102,L,5230,328,1700
US,8102,P,1580,403,400
US,8105,L,2337,328,1700
US,8105,P,1695,403,400
US,8109,L,2800,328,1700
US,8109,P,1875,403,400
US,8110,L,2792,328,1700
US,8110,P,1740,403,400
US,8113,L,2228,328,1700
US,8113,P,1590,403,400
US,8120,L,3252,328,1700
US,8120,P,1170,403,400
US,8121,L,2560,328,1700
US,8121,P,1410,403,400
US,8130,L,6753,328,1700
US,8130,P,2240,403,400
US,8140,L,5350,328,1700
US,8140,P,1760,403,400
US,8159,L,6320,328,1700
US,8159,N,20000,403,2200
US,8159,P,2420,403,400
US,8161,L,5742,328,1700
US,8161,P,2300,403,400
US,8162,L,2407,328,1700
US,8162,P,1545,403,400
US,8200,L,3471,328,1700
US,8200,P,2080,403,400
US,8201,L,3307,328,1700
US,8201,P,1605,403,400
US,8230,L,2288,328,1700
US,8230,P,1079,403,400
US,8240,L,3031,328,1700
US,8240,P,1800,403,400
US,8259,L,3578,328,1700
US,8259,P,2080,403,400
US,8269,N,20000,403,2200
US,8269,P,3240,403,400
US,8269,T,20000,403,1700
US,8270,L,5455,328,1700
US,8270,P,1960,403,400
US,8280,L,2157,328,1700
US,8280,P,1815,403,400
US,8290,L,5935,328,1700
US,8290,P,1840,403,400
US,8293,L,2284,328,1700
US,8293,P,1633,403,400
US,8300,L,6287,328,1700
US,8300,P,2250,403,400
US,8320,L,4363,328,1700
US,8320,P,1875,403,400
US,8321,L,2250,328,1700
US,8321,P,1494,403,400
US,8329,S,999999,403,300
US,8329,T,11225,403,1700
US,8331,L,2121,328,1700
US,8331,P,1442,403,400
US,8332,L,3522,328,1700
US,8332,P,1441,403,400
US,8339,L,4985,328,1700
US,8339,P,1754,403,400
US,8342,L,2179,328,1700
US,8342,P,1147,403,400
US,8346,L,2467,328,1700
US,8346,P,1545,403,400
US,8349,L,3277,328,1700
US,8349,P,2700,403,400
US,8350,L,5317,328,1700
US,8350,P,1561,403,400
US,8351,L,2930,328,1700
US,8351,P,1136,403,400
US,8360,L,2185,328,1700
US,8360,P,1776,403,400
US,8361,L,4024,328,1700
US,8361,P,1585,403,400
US,8362,L,1893,328,1700
US,8362,P,1800,403,400
US,8379,N,20000,403,2200
US,8379,P,6000,403,400
US,8379,T,20000,403,1700
US,8380,L,4985,328,1700
US,8380,P,1451,403,400
US,8383,L,3825,328,1700
US,8383,P,1820,403,400
US,8400,L,2365,328,1700
US,8400,P,1592,403,400
US,8419,D,40293,478,1100
US,8419,N,39359,403,2200
US,8419,P,12200,403,400
US,8419,S,18554,403,300
US,8419,T,60000,403,1700
US,8429,S,3880,403,300
US,8429,T,4800,403,1700
US,8430,L,4453,328,1700
US,8430,P,1900,403,400
US,8438,L,1039999,328,1700
US,8440,L,4845,328,1700
US,8440,P,9150,403,400
US,8450,L,2012,328,1700
US,8450,P,1452,403,400
US,8451,L,2488,328,1700
US,8451,P,1375,403,400
US,8459,L,5887,328,1700
US,8459,P,1875,403,400
US,8460,L,11692,328,1700
US,8460,P,5320,403,400
US,8461,L,4739,328,1700
US,8461,P,1608,403,400
US,8470,L,3060,328,1700
US,8470,P,1770,403,400
US,8471,L,2545,328,1700
US,8471,P,2325,403,400
US,8472,L,5056,328,1700
US,8472,P,1640,403,400
US,8509,D,128000,478,1100
US,8509,N,128000,403,2200
US,8509,P,16200,403,400
US,8509,S,123999,403,300
US,8509,T,128000,403,1700
US,8519,S,3510,403,300
US,8519,T,2790,403,1700
US,8521,L,6157,328,1700
US,8521,P,24800,403,400
US,8523,L,4697,328,1700
US,8523,P,1398,403,400
US,8529,P,15136,403,400
US,8529,T,21947,403,1700
US,8530,L,3782,328,1700
US,8530,P,2825,403,400
US,8531,L,1402,328,1700
US,8531,P,4858,403,400
US,8535,P,1815,403,400
US,8550,L,2443,328,1700
US,8550,P,1616,403,400
US,8551,L,3145,328,1700
US,8551,P,1783,403,400
US,8552,L,3165,328,1700
US,8552,P,1801,403,400
US,8560,L,4234,328,1700
US,8560,P,2525,403,400
US,8565,L,3353,328,1700
US,8565,P,2800,403,400
US,8577,L,1009999,328,1700
US,8579,L,3803,328,1700
US,8579,P,10605,403,400
US,8590,L,6069,328,1700
US,8590,P,1442,403,400
US,8600,L,5124,328,1700
US,8600,P,1446,403,400
US,8601,L,3077,328,1700
US,8601,P,1351,403,400
US,8602,L,1794,328,1700
US,8602,P,1229,403,400
US,8630,L,4643,328,1700
US,8630,P,2032,403,400
US,8631,L,7493,328,1700
US,8631,P,1154,403,400
US,8640,L,2214,328,1700
US,8640,P,1395,403,400
US,8641,L,2466,328,1700
US,8641,P,1780,403,400
US,8644,L,1987,328,1700
US,8644,P,1152,403,400
US,8700,L,3488,328,1700
US,8700,P,1631,403,400
US,8701,L,2158,328,1700
US,8701,P,1533,403,400
US,8711,A,1089999,150,900
US,8711,L,6287,328,1700
US,8711,P,6000,403,400
US,8719,D,58000,478,1100
US,8719,N,58000,403,2200
US,8719,P,3734,403,400
US,8719,S,58000,403,300
US,8719,T,58000,403,1700
US,8729,S,1980,403,300
US,8729,T,1980,403,1700
US,8730,L,3744,328,1700
US,8730,P,1431,403,400
US,8740,L,4026,328,1700
US,8740,P,1680,403,400
US,8750,L,4839,328,1700
US,8750,P,4250,403,400
US,8751,L,5513,328,1700
US,8751,P,2350,403,400
US,8770,L,2529,328,1700
US,8770,P,1710,403,400
US,8771,L,3638,328,1700
US,8771,P,1740,403,400
US,8780,L,5709,328,1700
US,8780,P,1590,403,400
US,8800,L,3463,328,1700
US,8800,P,2500,403,400
US,8801,L,2577,328,1700
US,8801,P,1770,403,400
US,8802,L,3079,328,1700
US,8802,P,1712,403,400
US,8810,L,5033,328,1700
US,8810,P,2140,403,400
US,8820,L,2904,328,1700
US,8820,P,1230,403,400
US,8821,L,6907,328,1700
US,8821,P,1413,403,400
US,8822,L,2667,328,1700
US,8822,P,1500,403,400
US,8830,L,5976,328,1700
US,8830,P,2500,403,400
US,8840,L,4705,328,1700
US,8840,P,1241,403,400
US,8900,L,2683,328,1700
US,8900,P,830,403,400
US,8909,L,14707,328,1700
US,8909,P,10584,403,400
US,8919,L,12942,328,1700
US,8919,P,10300,403,400
US,8930,L,2991,328,1700
US,8930,P,1154,403,400
US,8939,L,2068,328,1700
US,8939,P,1845,403,400
US,8939,S,99999,403,300
US,8940,L,3239,328,1700
US,8940,P,1189,403,400
US,8941,L,5415,328,1700
US,8941,P,1908,403,400
US,8941,S,95000,403,300
US,8944,L,940000,328,1700
US,8951,L,910000,328,1700
US,8959,D,81000,478,1100
US,8959,P,1019999,403,400
US,8959,S,81000,403,300
US,8959,T,81000,403,1700
US,8971,L,1029999,328,1700
US,8979,T,2040,403,1700
US,8980,L,4012,328,1700
US,8980,P,2440,403,400
US,9003,L,4409,328,1700
US,9003,P,1700,403,400
US,9009,P,24941,403,400
US,9009,T,20000,403,1700
US,9019,N,39000,403,2200
US,9019,P,29666,403,400
US,9019,T,39000,403,1700
US,9029,D,135000,478,1100
US,9029,N,135000,403,2200
US,9029,S,49992,403,300
US,9029,T,135000,403,1700
US,9069,N,72000,403,2200
US,9069,P,43978,403,400
US,9069,T,72000,403,1700
US,9072,S,760000,403,300
US,9089,P,12603,403,400
US,9089,T,34000,403,1700
US,9132,L,8253,328,1700
US,9132,P,11453,403,400
US,9139,N,43000,403,2200
US,9139,P,17435,403,400
US,9139,T,43000,403,1700
US,9141,L,770000,328,1700
US,9149,P,19903,403,400
US,9149,T,23192,403,1700
US,9151,L,1129999,328,1700
US,9169,D,28049,478,1100
US,9169,M,144000,400,600
US,9169,N,57204,403,2200
US,9169,P,39452,403,400
US,9169,S,38029,403,300
US,9169,T,144000,403,1700
US,9179,P,32632,403,400
US,9179,T,49000,403,1700
US,9209,P,15389,403,400
US,9209,T,20000,403,1700
US,9219,P,18403,403,400
US,9219,T,37000,403,1700
US,9220,L,4575,328,1700
US,9220,P,4860,403,400
US,9221,L,4554,328,1700
US,9221,P,1840,403,400
US,9222,L,2138,328,1700
US,9222,P,1070,403,400
US,9223,L,5382,328,1700
US,9223,P,2160,403,400
US,9231,L,3726,328,1700
US,9231,P,5330,403,400
US,9232,L,2429,328,1700
US,9232,P,1000,403,400
US,9234,L,4632,328,1700
US,9234,P,3000,403,400
US,9240,L,4125,328,1700
US,9240,P,11200,403,400
US,9250,L,4187,328,1700
US,9250,P,9840,403,400
US,9259,L,10493,328,1700
US,9259,P,19961,403,400
US,9259,S,124999,403,300
US,9269,P,21612,403,400
US,9269,T,44819,403,1700
US,9279,P,24967,403,400
US,9279,T,47435,403,1700
US,9300,L,3774,328,1700
US,9300,P,3560,403,400
US,9310,L,5509,328,1700
US,9310,P,3240,403,400
US,9320,L,11169,328,1700
US,9320,P,7752,403,400
US,9330,L,4407,328,1700
US,9330,P,7950,403,400
US,9340,L,5100,328,1700
US,9340,P,4080,403,400
US,9341,L,5149,328,1700
US,9341,P,3800,403,400
US,9350,L,7180,328,1700
US,9350,P,2100,403,400
US,9351,L,1752,328,1700
US,9351,P,1600,403,400
US,9352,L,3452,328,1700
US,9352,P,840000,403,400
US,9353,L,2592,328,1700
US,9353,P,1675,403,400
US,9379,P,20665,403,400
US,9379,T,31000,403,1700
US,9390,L,2922,328,1700
US,9390,P,3787,403,400
US,9391,L,2171,328,1700
US,9391,P,4480,403,400
US,9409,P,25354,403,400
US,9409,T,20000,403,1700
US,9410,P,790000,403,400
US,9411,P,1149999,403,400
US,9419,P,26877,403,400
US,9419,T,36915,403,1700
US,9430,L,4120,328,1700
US,9430,P,8088,403,400
US,9444,L,2732,328,1700
US,9444,P,2500,403,400
US,9449,N,29817,403,2200
US,9449,P,11054,403,400
US,9449,T,42987,403,1700
US,9452,L,2259,328,1700
US,9452,P,6080,403,400
US,9453,L,2597,328,1700
US,9453,P,4280,403,400
US,9459,L,7194,328,1700
US,9459,P,9116,403,400
US,9469,N,35000,403,2200
US,9469,P,11516,403,400
US,9469,T,35000,403,1700
US,9472,L,3680,328,1700
US,9472,P,1600,403,400
US,9479,S,15485,403,300
US,9479,T,20066,403,1700
US,9489,D,64000,478,1100
US,9489,N,64000,403,2200
US,9489,P,9706,403,400
US,9489,T,64000,403,1700
US,9490,L,5816,328,1700
US,9490,P,4200,403,400
US,9491,P,6038,403,400
US,9499,L,5178,328,1700
US,9499,P,9555,403,400
US,9500,L,3663,328,1700
US,9500,P,6675,403,400
US,9519,P,12334,403,400
US,9519,T,14024,403,1700
US,9520,L,3908,328,1700
US,9520,P,7040,403,400
US,9530,L,3719,328,1700
US,9530,P,6900,403,400
US,9531,L,7025,328,1700
US,9531,P,3075,403,400
US,9532,L,4800,328,1700
US,9532,P,1520,403,400
US,9540,L,5376,328,1700
US,9540,P,3241,403,400
US,9545,L,3570,328,1700
US,9545,P,1129,403,400
US,9546,L,3296,328,1700
US,9546,P,996,403,400
US,9549,L,5087,328,1700
US,9549,P,1780,403,400
US,9551,P,1099999,403,400
US,9556,L,5770,328,1700
US,9556,P,9300,403,400
US,9559,L,4137,328,1700
US,9559,P,3760,403,400
US,9569,S,1840,403,300
US,9569,T,2220,403,1700
US,9571,L,6070,328,1700
US,9571,P,1642,403,400
US,9579,L,3907,328,1700
US,9579,P,13090,403,400
US,9589,D,31000,478,1100
US,9589,N,31000,403,2200
US,9589,P,9794,403,400
US,9589,T,31000,403,1700
US,9590,L,5511,328,1700
US,9590,P,2275,403,400
US,9591,L,4583,328,1700
US,9591,P,7125,403,400
US,9592,L,1855,328,1700
US,9592,P,1659,403,400
US,9593,L,6390,328,1700
US,9593,P,2025,403,400
US,9601,L,3655,328,1700
US,9601,P,2060,403,400
US,9603,P,1239999,403,400
US,9604,P,1069999,403,400
US,9609,P,2940,403,400
US,9609,T,3994,403,1700
US,9610,L,1548,328,1700
US,9610,P,1318,403,400
US,9611,P,1239999,403,400
US,9629,L,7282,328,1700
US,9629,S,99999,403,300
US,9670,L,2470,328,1700
US,9670,P,960,403,400
US,9680,L,960000,328,1700
US,9682,L,6353,328,1700
US,9682,P,1070,403,400
US,9683,L,2509,328,1700
US,9683,P,1240,403,400
US,9684,L,3410,328,1700
US,9684,P,1010,403,400
US,9689,N,1179999,403,2200
US,9689,P,15027,403,400
US,9701,L,5097,328,1700
US,9701,P,2725,403,400
US,9709,P,11394,403,400
US,9709,T,20000,403,1700
US,9710,L,3561,328,1700
US,9710,P,1920,403,400
US,9711,L,2178,328,1700
US,9711,P,1708,403,400
US,9719,S,23625,403,300
US,9719,T,17713,403,1700
US,9729,D,86000,478,1100
US,9729,L,52657,328,1700
US,9729,M,1059999,400,600
US,9729,N,86000,403,2200
US,9729,P,28686,403,400
US,9729,T,86000,403,1700
US,9730,L,6067,328,1700
US,9730,P,7080,403,400
US,9731,L,5739,328,1700
US,9731,P,2940,403,400
US,9732,L,4480,328,1700
US,9732,P,1690,403,400
US,9741,L,1139999,328,1700
US,9742,L,5071,328,1700
US,9742,P,2450,403,400
US,9744,L,1965,328,1700
US,9744,P,1627,403,400
US,9745,L,2261,328,1700
US,9745,P,1081,403,400
US,9749,N,20000,403,2200
US,9749,P,7200,403,400
US,9749,T,20000,403,1700
US,9750,A,1159999,150,900
US,9750,L,5411,328,1700
US,9750,P,4400,403,400
US,9751,L,5426,328,1700
US,9751,P,2100,403,400
US,9769,L,4108,328,1700
US,9769,P,4920,403,400
US,9770,L,940000,328,1700
US,9770,P,980000,403,400
US,9771,L,3717,328,1700
US,9771,P,1521,403,400
US,9779,L,3534,328,1700
US,9779,P,1373,403,400
US,9779,S,116999,403,300
US,9780,L,1844,328,1700
US,9780,P,1815,403,400
US,9781,L,2460,328,1700
US,9781,P,1718,403,400
US,9784,L,1215,328,1700
US,9784,P,1281,403,400
US,9789,N,20000,403,2200
US,9789,P,3480,403,400
US,9789,S,1099999,403,300
US,9789,T,20000,403,1700
US,9799,L,6242,328,1700
US,9799,P,2500,403,400
US,9809,L,14085,328,1700
US,9809,P,7920,403,400
US,9816,L,840000,328,1700
US,9819,P,13242,403,400
US,9819,T,26219,403,1700
US,9821,L,4861,328,1700
US,9821,P,2625,403,400
US,9822,L,5274,328,1700
US,9822,P,4200,403,400
US,9823,L,4941,328,1700
US,9823,P,2450,403,400
US,9826,L,960000,328,1700
US,9829,N,35000,403,2200
US,9829,P,9047,403,400
US,9829,T,35000,403,1700
US,9830,L,5404,328,1700
US,9830,P,2240,403,400
US,9831,L,4207,328,1700
US,9831,P,3735,403,400
US,9832,L,2533,328,1700
US,9832,P,1299,403,400
US,9835,P,980000,403,400
US,9839,S,4590,403,300
US,9839,T,4482,403,1700
US,9849,L,3501,328,1700
US,9849,P,9440,403,400
US,9850,L,4378,328,1700
US,9850,P,3360,403,400
US,9851,L,4243,328,1700
US,9851,P,2575,403,400
US,9852,L,5234,328,1700
US,9852,P,1660,403,400
US,9859,L,3585,328,1700
US,9859,P,4500,403,400
US,9859,S,950000,403,300
US,9860,L,4700,328,1700
US,9860,P,1106,403,400
US,9876,P,770000,403,400
US,9879,L,5594,328,1700
US,9879,P,5850,403,400
US,9880,L,7321,328,1700
US,9880,P,3303,403,400
US,9882,L,3398,328,1700
US,9882,P,1379,403,400
US,9889,L,5286,328,1700
US,9889,N,20000,403,2200
US,9889,P,1105,403,400
US,9890,L,4700,328,1700
US,9890,P,3640,403,400
US,9891,L,2820,328,1700
US,9891,P,1144,403,400
US,9899,L,4897,328,1700
US,9899,P,6590,403,400
US,9910,L,4074,328,1700
US,9910,P,2080,403,400
US,9911,L,3788,328,1700
US,9911,P,3050,403,400
US,9913,L,2197,328,1700
US,9913,P,1484,403,400
US,9929,D,44000,478,1100
US,9929,N,44000,403,2200
US,9929,P,11801,403,400
US,9929,S,870000,403,300
US,9929,T,44000,403,1700
US,9930,L,5294,328,1700
US,9930,P,4525,403,400
US,9931,L,3506,328,1700
US,9931,P,1710,403,400
US,9939,S,780000,403,300
US,9949,S,2325,403,300
US,9949,T,2250,403,1700
US,9954,P,940000,403,400
US,9960,L,3169,328,1700
US,9960,P,13324,403,400
US,9961,L,2140,328,1700
US,9961,P,1270,403,400
US,9962,L,4628,328,1700
US,9962,P,1800,403,400
US,9963,P,1159999,403,400
US,9964,L,4371,328,1700
US,9964,P,1359,403,400
US,9965,L,1039999,328,1700
US,9965,P,900000,403,400
US,9966,L,820000,328,1700
US,9966,P,1099999,403,400
US,9967,L,1069999,328,1700
US,9967,P,1099999,403,400
US,9969,D,20000,478,1100
US,9969,M,1249999,400,600
US,9969,N,20000,403,2200
US,9969,S,20000,403,300
US,9969,T,20000,403,1700
